location_id,datetimeUtc,pm2.5,pm10,o3,no2,so2,co,temperature,humidity,AQI
5408,2025-05-01 00:15:00+00:00,19,28,4.1,35.9,10,970,22.9,84,48
5408,2025-05-01 00:30:00+00:00,19,28,5.5,36.1,9.5,890,23.2,83,45
5408,2025-05-01 00:45:00+00:00,19,28,8,36,9.2,1030,23.4,83,45
5408,2025-05-01 01:00:00+00:00,19,28,8.4,34.6,8.9,1060,23.5,82,43
5408,2025-05-01 01:30:00+00:00,17,23,15.3,35.2,8.9,920,23.9,78,46
5408,2025-05-01 01:45:00+00:00,17,23,17.4,33.5,8.8,950,24.3,77,48
5408,2025-05-01 02:00:00+00:00,17,23,16.9,33.7,9.1,1150,25,76,54
5408,2025-05-01 02:15:00+00:00,16,31,19,34.6,8.9,1020,25.4,74,43
5408,2025-05-01 02:30:00+00:00,16,31,21.2,34.8,8.8,970,25.8,73,48
5408,2025-05-01 02:45:00+00:00,16,31,22.3,35.3,9,860,26.5,72,44
5408,2025-05-01 03:00:00+00:00,16,31,22.7,35,8.9,1040,27.1,70,44
5408,2025-05-01 03:15:00+00:00,17,30,23.5,33.9,9.1,610,27.4,70,42
5408,2025-05-01 03:30:00+00:00,17,30,22,34.1,9.1,230,27.8,70,43
5408,2025-05-01 03:45:00+00:00,17,30,22,34.2,9,370,27.9,70,43
5408,2025-05-01 04:00:00+00:00,17,30,22.5,35,9,250,28.4,69,44
5408,2025-05-01 04:15:00+00:00,13,26,19.4,34.1,9.4,230,29,67,43
5408,2025-05-01 04:30:00+00:00,13,26,17.4,36.9,9.2,540,29.4,64,46
5408,2025-05-01 04:45:00+00:00,13,26,22,36.3,9.2,580,29.7,63,45
5408,2025-05-01 05:00:00+00:00,13,26,22,38.4,9.1,470,30.1,61,48
5408,2025-05-01 05:15:00+00:00,7,28,24.1,39.4,9.2,-1120,30.6,59,49
5408,2025-05-01 05:30:00+00:00,7,28,24.3,36.8,9.4,14.07,30.9,57,46
5408,2025-05-01 05:45:00+00:00,7,28,23.5,35.2,9.2,10.9,31.4,56,44
5408,2025-05-01 06:15:00+00:00,7,28,22.3,8.9,9.3,650,31.1,56,32
5408,2025-05-01 06:30:00+00:00,7,28,21.6,-10,9.6,0,31,56,28
5408,2025-05-01 06:45:00+00:00,7,28,20,51.6,9.7,0,31.9,53,64
5408,2025-05-01 07:00:00+00:00,7,28,24.5,43.6,10.1,1490,32.6,51,72
5408,2025-05-01 07:15:00+00:00,49,29,27.6,40,0.7,1320,32.8,49,81
5408,2025-05-01 07:30:00+00:00,49,29,26.7,40.3,377.5,0,33.2,48,199
5408,2025-05-01 07:45:00+00:00,49,29,28.4,36.1,7.3,1410,33.2,46,81
5408,2025-05-01 08:15:00+00:00,49,33,32.9,40.3,8.9,1420,33,45,81
5408,2025-05-01 08:30:00+00:00,23,33,34.9,38.5,9.6,1820,33.8,43,90
5408,2025-05-01 08:45:00+00:00,23,33,36.5,35.6,9.9,1950,33.7,43,97
5408,2025-05-01 09:00:00+00:00,23,33,37.8,33.2,9.9,1770,33.7,42,87
5408,2025-05-01 09:15:00+00:00,22,38,35.7,32.7,10.3,1630,33.9,43,80
5408,2025-05-01 09:30:00+00:00,22,38,30.2,34.5,10.7,1560,33.7,44,76
5408,2025-05-01 09:45:00+00:00,22,38,32.1,36.4,10.3,1830,33.3,46,91
5408,2025-05-01 10:00:00+00:00,22,38,29.8,33.4,10.2,2140,33.2,48,102
5408,2025-05-01 10:15:00+00:00,22,33,28.2,30.8,10.1,2210,33.1,48,102
5408,2025-05-01 10:30:00+00:00,22,33,31.4,29.2,10.3,2270,32.2,48,103
5408,2025-05-01 10:45:00+00:00,22,33,27.6,27.5,10.6,2130,31.6,50,101
5408,2025-05-01 11:00:00+00:00,22,33,27,28.7,10.7,2200,31.2,50,102
5408,2025-05-01 11:15:00+00:00,21,67,24.3,30.6,11,1560,30.7,52,76
5408,2025-05-01 11:30:00+00:00,21,67,26.5,34.9,11.4,500,30.3,53,67
5408,2025-05-01 11:45:00+00:00,21,67,27.6,36.3,11.8,880,29.9,54,67
5408,2025-05-01 12:00:00+00:00,21,67,26.3,34.4,11.7,1030,29.8,54,67
5408,2025-05-01 12:15:00+00:00,22,45,24.9,32.9,11.6,1170,29.6,54,55
5408,2025-05-01 12:30:00+00:00,22,45,23.5,33.4,11.7,0,29.3,54,45
5408,2025-05-01 12:45:00+00:00,22,45,23.5,32.3,11.9,770,28.9,55,45
5408,2025-05-01 13:00:00+00:00,22,45,21.8,33.5,12.1,1580,28.5,58,77
5408,2025-05-01 13:15:00+00:00,22,50,15.7,37.1,12.2,710,28.2,60,50
5408,2025-05-01 13:30:00+00:00,22,50,10.2,38.5,12.6,980,27.9,62,50
5408,2025-05-01 13:45:00+00:00,22,50,8.2,43.6,12.4,1690,27.6,64,83
5408,2025-05-01 14:00:00+00:00,22,50,7.4,46.5,12.1,1470,27.3,66,71
5408,2025-05-01 14:15:00+00:00,32,89,5.9,48.7,12.3,1520,27.1,69,89
5408,2025-05-01 14:30:00+00:00,32,89,3.9,48.2,12.5,1370,26.8,71,89
5408,2025-05-01 14:45:00+00:00,32,89,7.3,46.1,12.7,1350,26.6,72,89
5408,2025-05-01 15:00:00+00:00,32,89,7.8,46.4,12.9,1560,26.6,73,89
5408,2025-05-01 15:15:00+00:00,32,45,7.3,42.7,12.5,840,26.4,74,53
5408,2025-05-01 15:30:00+00:00,32,45,7.4,37.2,12.8,220,26.2,75,53
5408,2025-05-01 15:45:00+00:00,32,45,8,35.5,12.8,490,26.1,76,53
5408,2025-05-01 16:00:00+00:00,32,45,6.1,37,12.7,600,25.9,76,53
5408,2025-05-01 16:15:00+00:00,23,35,5.9,38.1,12.7,470,25.7,77,48
5408,2025-05-01 16:30:00+00:00,23,35,3.7,36.5,12.8,260,25.6,78,46
5408,2025-05-01 16:45:00+00:00,23,35,4.1,34.6,13,560,25.4,78,43
5408,2025-05-01 17:00:00+00:00,23,35,4.5,33.3,12.8,470,25.3,79,42
5408,2025-05-01 17:15:00+00:00,22,43,2.7,33.1,12.7,500,25.4,79,43
5408,2025-05-01 17:30:00+00:00,22,43,4.3,35.4,12.9,270,25.2,80,44
5408,2025-05-01 17:45:00+00:00,22,43,5.9,34.2,12.7,370,25.1,80,43
5408,2025-05-01 18:00:00+00:00,22,43,4.7,34.1,12.7,420,25.1,80,43
5408,2025-05-01 18:15:00+00:00,19,26,4.7,33,13,370,24.9,81,41
5408,2025-05-01 19:15:00+00:00,28,42,8.8,31.2,10.2,340,24.8,82,47
5408,2025-05-01 19:30:00+00:00,28,42,14.7,28.3,9.7,290,24.8,82,47
5408,2025-05-01 19:45:00+00:00,28,42,16.5,29.2,9.7,390,24.9,82,47
5408,2025-05-01 20:00:00+00:00,28,42,16.7,28.9,9.5,340,24.9,82,47
5408,2025-05-01 20:15:00+00:00,30,29,15.9,28,9.5,410,24.9,82,50
5408,2025-05-01 20:30:00+00:00,30,29,14.9,26.8,9.2,110,25,82,50
5408,2025-05-01 20:45:00+00:00,30,29,13.5,27.1,9.5,270,25.3,81,50
5408,2025-05-01 21:00:00+00:00,30,29,12.3,27.7,10,410,25.5,81,50
5408,2025-05-01 21:15:00+00:00,18,9,-24.1,28.2,10,0,25.5,81,35
5408,2025-05-01 21:30:00+00:00,18,9,127.4,28.7,10,0,25.4,81,140
5408,2025-05-01 21:45:00+00:00,18,9,23.1,29.3,10.3,0,25.3,81,37
5408,2025-05-01 22:00:00+00:00,18,9,28.4,27.3,10.1,0,25.3,81,34
5408,2025-05-01 22:15:00+00:00,18,11,13.1,26.3,10,10,25.4,81,33
5408,2025-05-01 22:30:00+00:00,18,11,8.6,26.1,10.3,180,25.4,81,33
5408,2025-05-01 22:45:00+00:00,18,11,5.9,26.8,10,240,25.4,81,34
5408,2025-05-01 23:00:00+00:00,18,11,4.9,26.9,9.9,220,25.1,81,34
5408,2025-05-01 23:15:00+00:00,16,7,5.1,27.4,10.1,190,24.8,82,34
5408,2025-05-01 23:30:00+00:00,16,7,5.9,26.5,10,210,24.6,83,33
5408,2025-05-01 23:45:00+00:00,16,7,7.8,26.6,9.9,310,24.7,83,33
5408,2025-05-02 00:15:00+00:00,13,7,8.4,25.3,10,340,24.6,84,32
5408,2025-05-02 00:30:00+00:00,13,7,7.6,26.4,10.4,180,24.6,84,33
5408,2025-05-02 00:45:00+00:00,13,7,12.5,27,10.8,320,24.8,83,34
5408,2025-05-02 01:00:00+00:00,13,7,13.9,26.2,11.1,340,24.9,82,33
5408,2025-05-02 01:15:00+00:00,12,16,12.2,26.2,11.1,320,25.1,82,33
5408,2025-05-02 01:30:00+00:00,12,16,8.6,30,11.4,270,25.3,81,38
5408,2025-05-02 01:45:00+00:00,12,16,13.1,34.9,11.2,380,25.6,81,44
5408,2025-05-02 02:00:00+00:00,12,16,15.7,35.8,11,420,26.2,79,45
5408,2025-05-02 02:30:00+00:00,23,37,11.4,33.9,11.1,210,27.3,75,42
5408,2025-05-02 02:45:00+00:00,23,37,20.2,32.6,11,520,27.6,74,41
5408,2025-05-02 03:00:00+00:00,23,37,17.4,30.9,11.2,310,27.6,74,39
5408,2025-05-02 03:15:00+00:00,17,28,18,30.4,10.7,350,28.5,71,38
5408,2025-05-02 03:30:00+00:00,17,28,16.3,31.1,10.7,140,28.3,70,39
5408,2025-05-02 03:45:00+00:00,17,28,22.9,30.9,10.6,400,28.8,67,39
5408,2025-05-02 04:15:00+00:00,13,32,22.3,27.6,10.3,350,29.7,63,34
5408,2025-05-02 04:45:00+00:00,13,32,23.3,23.3,10.4,150,30.1,56,32
5408,2025-05-02 05:00:00+00:00,13,32,26.5,22.2,10.5,-410,30.7,53,32
5408,2025-05-02 05:15:00+00:00,16,31,22.3,20.1,10.5,-130,31.2,53,31
5408,2025-05-02 05:30:00+00:00,16,31,23.9,20.8,10.4,16.09,31.7,50,31
5408,2025-05-02 05:45:00+00:00,16,31,23.7,22.1,10.3,12.55,32,49,31
5408,2025-05-02 06:00:00+00:00,16,31,24.5,22.1,10.2,340,32.3,47,31
5408,2025-05-02 06:15:00+00:00,12,41,18.8,8,10.6,480,32.5,47,41
5408,2025-05-02 06:30:00+00:00,12,41,19.4,-4.9,9.7,0,32.7,46,41
5408,2025-05-02 06:45:00+00:00,12,41,25.5,28,8.7,80,32.5,46,41
5408,2025-05-02 07:00:00+00:00,12,41,27.2,21.8,8.4,570,32.7,45,41
5408,2025-05-02 07:15:00+00:00,13,45,26.9,21,-2.9,440,33.1,44,45
5408,2025-05-02 07:30:00+00:00,13,45,27.2,21.5,373.2,0,33.5,43,198
5408,2025-05-02 07:45:00+00:00,13,45,29.4,21.5,8,0,33.4,43,45
5408,2025-05-02 08:00:00+00:00,13,45,28,21.8,7.7,0,33.8,43,45
5408,2025-05-02 08:15:00+00:00,23,54,24.5,21.5,8.7,530,33.6,43,54
5408,2025-05-02 08:30:00+00:00,23,54,0,20.8,8.7,810,33.7,43,54
5408,2025-05-02 08:45:00+00:00,23,54,0,19.3,8.6,960,33.6,43,54
5408,2025-05-02 09:00:00+00:00,23,54,0,20.3,8.8,1190,34.1,41,56
5408,2025-05-02 09:15:00+00:00,24,52,0,23.7,8.8,1450,34.1,42,70
5408,2025-05-02 09:30:00+00:00,24,52,0,23.3,8.8,1350,33.8,43,65
5408,2025-05-02 09:45:00+00:00,24,52,31.9,22.8,8.8,1260,33.5,43,60
5408,2025-05-02 10:00:00+00:00,24,52,28.2,25.2,9.1,1040,33.2,43,52
5408,2025-05-02 10:15:00+00:00,23,60,28,23.8,9.2,1310,33,44,62
5408,2025-05-02 10:30:00+00:00,23,60,28,25.2,9.2,1570,32.9,44,77
5408,2025-05-02 10:45:00+00:00,23,60,28.2,25.3,9.3,1580,32.5,45,77
5408,2025-05-02 11:00:00+00:00,23,60,29.2,27.2,9.7,1610,32.1,46,79
5408,2025-05-02 11:30:00+00:00,27,76,25.9,29.2,9.3,1510,30.9,50,76
5408,2025-05-02 11:45:00+00:00,27,76,25.7,30.4,9.3,1910,30.5,51,95
5408,2025-05-02 12:00:00+00:00,27,76,21.2,32.8,9.9,2060,30.2,52,76
5408,2025-05-02 12:15:00+00:00,24,96,16.9,36.6,9.9,2130,29.8,53,101
5408,2025-05-02 12:30:00+00:00,24,96,15.9,40.8,10.3,1890,29.6,53,96
5408,2025-05-02 12:45:00+00:00,24,96,14.9,47.1,10.6,2210,29.2,55,102
5408,2025-05-02 13:00:00+00:00,24,96,17.8,49.1,10.5,2360,29,57,104
5408,2025-05-02 13:30:00+00:00,27,78,14.1,42.5,10.6,1940,28.5,60,97
5408,2025-05-02 13:45:00+00:00,27,78,13.5,40.6,10.4,2240,28.3,62,103
5408,2025-05-02 14:00:00+00:00,27,78,12.3,38.1,10.2,2460,28.1,65,106
5408,2025-05-02 14:15:00+00:00,30,101,11.4,36.6,10.5,2070,27.7,68,101
5408,2025-05-02 14:30:00+00:00,30,101,13.5,36.4,10.2,2130,27.5,70,101
5408,2025-05-02 14:45:00+00:00,30,101,12.3,35.9,10,2280,27.3,72,103
5408,2025-05-02 15:00:00+00:00,30,101,12.3,34.7,10,2400,27.1,72,105
5408,2025-05-02 15:15:00+00:00,21,27,12.9,33.5,10.1,1900,27,73,95
5408,2025-05-02 15:30:00+00:00,21,27,14.1,32,10,890,26.9,73,44
5408,2025-05-02 15:45:00+00:00,21,27,12.7,30.6,9.7,980,26.7,74,49
5408,2025-05-02 16:00:00+00:00,21,27,12.5,26.6,10,1100,26.6,75,51
5408,2025-05-02 16:30:00+00:00,19,28,11.2,27.2,9.8,900,26.3,76,45
5408,2025-05-02 16:45:00+00:00,19,28,10.8,27.2,9.7,960,26.2,76,48
5408,2025-05-02 17:00:00+00:00,19,28,9.2,27.1,9.7,1270,26.1,77,60
5408,2025-05-02 17:15:00+00:00,22,41,7.8,27.1,9.9,1080,26,77,41
5408,2025-05-02 17:30:00+00:00,22,41,6.7,29.1,9.9,820,26.1,78,41
5408,2025-05-02 17:45:00+00:00,22,41,5.1,30.4,10.1,1010,26.1,77,41
5408,2025-05-02 18:00:00+00:00,22,41,5.5,31.9,9.6,970,26,78,48
5408,2025-05-02 18:15:00+00:00,22,36,6.5,31.6,9.3,800,26.1,78,40
5408,2025-05-02 19:15:00+00:00,22,33,10.2,28,9.7,850,26,80,42
5408,2025-05-02 19:30:00+00:00,22,33,6.7,26.8,9.9,490,25.9,80,37
5408,2025-05-02 19:45:00+00:00,22,33,15.1,26.6,10,780,25.9,81,39
5408,2025-05-02 20:00:00+00:00,22,33,14.1,26.8,9.9,740,25.8,81,37
5408,2025-05-02 20:30:00+00:00,17,35,7.6,25.9,9.8,470,25.8,81,35
5408,2025-05-02 20:45:00+00:00,17,35,14.5,23.7,9.8,650,25.7,81,35
5408,2025-05-02 21:00:00+00:00,17,35,13.7,23.8,10,710,25.6,81,36
5408,2025-05-02 21:30:00+00:00,19,27,147.8,25.8,9.7,0,25.8,81,170
5408,2025-05-02 21:45:00+00:00,19,27,32.1,26.2,9.5,0,25.7,81,33
5408,2025-05-02 22:00:00+00:00,19,27,16.3,26.3,9.7,240,25.6,81,33
5408,2025-05-02 22:15:00+00:00,18,20,10.8,25.8,9.5,500,25.5,82,32
5408,2025-05-02 22:30:00+00:00,18,20,9.8,25.8,9.6,410,25.4,82,32
5408,2025-05-02 22:45:00+00:00,18,20,9.8,25.4,10,680,25.2,82,34
5408,2025-05-02 23:00:00+00:00,18,20,10.4,25.3,10.3,680,25.1,83,34
5408,2025-05-02 23:15:00+00:00,16,18,10,25.4,10,1020,25.1,83,32
5408,2025-05-02 23:30:00+00:00,16,18,8.8,25.3,10.1,610,25,82,32
5408,2025-05-02 23:45:00+00:00,16,18,15.1,24.3,10,820,25.1,82,41
5408,2025-05-03 00:00:00+00:00,16,18,14.7,24.5,10,1000,25.1,82,50
5408,2025-05-03 00:30:00+00:00,16,12,8,23.4,9.7,730,25.2,82,36
5408,2025-05-03 00:45:00+00:00,16,12,15.9,24.8,9.4,1010,25.3,81,31
5408,2025-05-03 01:00:00+00:00,16,12,15.5,24.8,9,1130,25.6,80,53
5408,2025-05-03 01:30:00+00:00,13,11,13.5,22.9,8.9,980,26.2,78,49
5408,2025-05-03 01:45:00+00:00,13,11,15.9,22.5,9.1,1020,26.7,77,28
5408,2025-05-03 02:00:00+00:00,13,11,15.3,22.9,9.3,1050,26.8,77,29
5408,2025-05-03 02:15:00+00:00,16,27,15.5,25.8,9,980,27.1,76,49
5408,2025-05-03 02:30:00+00:00,16,27,13.5,25.6,9.5,950,27.7,74,48
5408,2025-05-03 02:45:00+00:00,16,27,18.4,26,9.1,1290,28.4,70,61
5408,2025-05-03 03:00:00+00:00,16,27,18.2,25.8,9.1,1000,28.4,68,50
5408,2025-05-03 03:15:00+00:00,17,31,19.4,25.2,9.1,740,29,65,37
5408,2025-05-03 03:30:00+00:00,17,31,18.8,24.5,8.9,0,29.3,63,31
5408,2025-05-03 03:45:00+00:00,17,31,28,25.5,8.9,420,29.3,62,32
5408,2025-05-03 04:00:00+00:00,17,31,27.4,24.9,9.3,600,29.9,59,31
5408,2025-05-03 04:15:00+00:00,21,35,25.3,24.4,9.3,170,30.5,57,35
5408,2025-05-03 04:30:00+00:00,21,35,28,24,9.7,480,30.5,57,35
5408,2025-05-03 04:45:00+00:00,21,35,31.9,23.4,9.6,550,30.9,56,35
5408,2025-05-03 05:15:00+00:00,26,47,34.3,24.6,9.6,-1080,31.6,54,47
5408,2025-05-03 05:30:00+00:00,26,47,36.7,24.9,9.9,14.04,32,53,47
5408,2025-05-03 05:45:00+00:00,26,47,41.4,25.7,9.3,11.18,31.9,54,47
5408,2025-05-03 06:00:00+00:00,26,47,39.6,26.1,9.8,0,31.6,54,47
5408,2025-05-03 06:15:00+00:00,30,55,37.2,7.1,9.8,0,31.8,53,55
5408,2025-05-03 06:30:00+00:00,30,55,40.2,10.9,10.4,0,32.2,51,55
5408,2025-05-03 06:45:00+00:00,30,55,42.9,27.9,10.7,0,31.6,52,55
5408,2025-05-03 07:00:00+00:00,30,55,42.9,23.1,10.8,0,32,52,55
5408,2025-05-03 07:30:00+00:00,34,68,40.2,26.8,377,270,33.8,47,199
5408,2025-05-03 07:45:00+00:00,34,68,45.7,25.9,11,240,34.4,46,68
5408,2025-05-03 08:00:00+00:00,34,68,45.9,25,10.8,680,34.1,46,68
5408,2025-05-03 08:15:00+00:00,43,89,35.1,25.8,11.1,0,34.3,45,89
5408,2025-05-03 08:30:00+00:00,43,89,49.2,24.3,10.7,0,34.1,44,89
5408,2025-05-03 08:45:00+00:00,43,89,47.6,25.3,10.7,480,34.4,43,89
5408,2025-05-03 09:00:00+00:00,43,89,47.6,25.3,10.8,880,34.7,42,89
5408,2025-05-03 09:15:00+00:00,44,76,42.9,23.4,10.8,0,35,42,76
5408,2025-05-03 09:45:00+00:00,44,76,13.7,27.2,10.8,60,35.4,43,76
5408,2025-05-03 10:00:00+00:00,44,76,0,26.5,11,460,34.7,43,76
5408,2025-05-03 10:15:00+00:00,45,75,8.4,24.4,11.1,710,34.4,45,75
5408,2025-05-03 10:30:00+00:00,45,75,45.7,24,11.1,640,33.2,48,75
5408,2025-05-03 10:45:00+00:00,45,75,53.7,24.1,11.2,710,32.5,49,75
5408,2025-05-03 11:00:00+00:00,45,75,50.8,24.3,11.7,770,32.4,49,75
5408,2025-05-03 11:15:00+00:00,55,86,53.7,24.4,11.7,710,32.6,49,92
5408,2025-05-03 11:30:00+00:00,55,86,59.8,24.2,11.5,680,32.6,50,92
5408,2025-05-03 11:45:00+00:00,55,86,56.1,24.3,11.5,770,32.4,52,92
5408,2025-05-03 12:00:00+00:00,55,86,54.1,24.7,11.7,1000,31.9,53,92
5408,2025-05-03 12:15:00+00:00,56,91,50.2,25.7,12.1,1110,31.6,55,93
5408,2025-05-03 12:30:00+00:00,56,91,47.2,26.5,12,1100,31.1,56,93
5408,2025-05-03 12:45:00+00:00,56,91,47.2,25.9,12.1,1010,30.6,57,93
5408,2025-05-03 13:00:00+00:00,56,91,44.5,25.3,12.4,1020,30.3,58,93
5408,2025-05-03 13:30:00+00:00,67,116,41,29.3,12.7,1170,29.6,62,121
5408,2025-05-03 13:45:00+00:00,67,116,36.7,25.8,12.2,1320,29.1,63,121
5408,2025-05-03 14:15:00+00:00,68,90,33.3,28,13.5,810,28.4,67,125
5408,2025-05-03 14:30:00+00:00,68,90,33.3,26.6,13.3,20,28,67,125
5408,2025-05-03 14:45:00+00:00,68,90,31.6,25.5,13.4,840,27.7,68,125
5408,2025-05-03 15:00:00+00:00,68,90,28.8,25.7,12.6,0,27.5,69,125
5408,2025-05-03 15:15:00+00:00,34,37,23.9,27.1,10.8,0,27.3,70,56
5408,2025-05-03 15:30:00+00:00,34,37,31.9,26.5,10.6,2920,27.1,71,111
5408,2025-05-03 15:45:00+00:00,34,37,25.3,26.1,11.2,4280,26.9,72,128
5408,2025-05-03 16:00:00+00:00,34,37,23.9,24.9,11.6,4830,26.7,73,135
5408,2025-05-03 16:15:00+00:00,30,38,24.1,23.9,11.8,4560,26.6,73,132
5408,2025-05-03 16:30:00+00:00,30,38,23.3,23.4,11.7,4480,26.5,74,131
5408,2025-05-03 17:15:00+00:00,33,56,21.8,24.1,11.2,4520,26.2,74,131
5408,2025-05-03 17:30:00+00:00,33,56,18.2,24.9,11.2,4330,26,75,129
5408,2025-05-03 17:45:00+00:00,33,56,22.3,24.7,10.9,4670,25.8,75,133
5408,2025-05-03 18:00:00+00:00,33,56,21,25.9,10.9,4720,25.6,76,134
5408,2025-05-03 19:15:00+00:00,21,32,17.2,26,10.8,2680,25.4,77,108
5408,2025-05-03 19:30:00+00:00,21,32,15.9,26.9,10.4,560,25.4,77,35
5408,2025-05-03 19:45:00+00:00,21,32,16.3,26.4,10.5,730,25.5,77,36
5408,2025-05-03 20:00:00+00:00,21,32,17.2,25.6,10.2,780,25.6,76,39
5408,2025-05-03 20:30:00+00:00,19,28,15.7,25,10,480,25.9,76,32
5408,2025-05-03 20:45:00+00:00,19,28,20.6,24.9,9.9,760,25.9,76,38
5408,2025-05-03 21:00:00+00:00,19,28,16.7,24.9,10.2,780,25.8,75,39
5408,2025-05-03 21:15:00+00:00,18,26,-98.6,26.5,10.4,270,25.5,74,33
5408,2025-05-03 21:30:00+00:00,18,26,136.6,26.8,10.9,0,25.3,74,154
5408,2025-05-03 21:45:00+00:00,18,26,14.9,27.1,11,100,25.2,74,34
5408,2025-05-03 22:15:00+00:00,21,33,15.1,26.1,11.5,520,25,76,35
5408,2025-05-03 22:30:00+00:00,21,33,15.7,27,11,520,24.9,76,35
5408,2025-05-03 22:45:00+00:00,21,33,16.1,28.2,10.8,580,24.9,76,35
5408,2025-05-03 23:00:00+00:00,21,33,15.7,27.7,10.3,700,24.9,77,35
5408,2025-05-03 23:15:00+00:00,27,35,14.7,27.3,10.4,660,24.9,77,45
5408,2025-05-03 23:30:00+00:00,27,35,13.1,27.7,10.5,690,24.9,77,45
5408,2025-05-04 00:00:00+00:00,27,35,13.3,27.3,10.2,760,24.9,78,45
5408,2025-05-04 00:15:00+00:00,27,32,12.7,28,10.5,860,24.8,79,45
5408,2025-05-04 00:30:00+00:00,27,32,14.5,26.9,10.5,730,25,79,45
5408,2025-05-04 00:45:00+00:00,27,32,18.2,26,10.4,820,25.3,79,45
5408,2025-05-04 01:00:00+00:00,27,32,16.9,25.4,10.4,890,25.5,79,45
5408,2025-05-04 01:15:00+00:00,19,26,13.9,25.1,10.4,1000,25.7,78,50
5408,2025-05-04 01:30:00+00:00,19,26,11.6,26.7,10.8,920,25.8,77,46
5408,2025-05-04 01:45:00+00:00,19,26,14.5,27.1,11,920,26.4,75,46
5408,2025-05-04 02:00:00+00:00,19,26,15.9,28.2,10.7,900,26.4,76,45
5408,2025-05-04 02:15:00+00:00,26,39,22.1,29.5,10.4,0,25.6,73,43
5408,2025-05-04 02:30:00+00:00,26,39,63.1,29.9,10.7,220,19.5,85,63
5408,2025-05-04 02:45:00+00:00,26,39,64.7,27.9,11,760,18,89,65
5408,2025-05-04 03:00:00+00:00,26,39,61.2,26.5,10,800,18,92,61
5408,2025-05-04 03:15:00+00:00,22,9,54.9,25,9.9,760,18.3,91,55
5408,2025-05-04 03:30:00+00:00,22,9,47.8,25,10.2,600,18.8,90,48
5408,2025-05-04 03:45:00+00:00,22,9,44.7,26.8,10.2,600,19.3,90,45
5408,2025-05-04 04:00:00+00:00,22,9,49,27.4,10.2,620,19.7,89,49
5408,2025-05-04 04:15:00+00:00,19,4,46.8,28.6,10.4,580,20.4,87,47
5408,2025-05-04 04:30:00+00:00,19,4,43.3,28.2,10.6,560,21.1,85,43
5408,2025-05-04 04:45:00+00:00,19,4,45.9,27.6,10.2,600,21.7,81,46
5408,2025-05-04 05:00:00+00:00,19,4,48.2,27.4,10.4,580,22.1,78,48
5408,2025-05-04 05:30:00+00:00,18,1,46.6,26.4,10.3,13.19,23.3,75,47
5408,2025-05-04 05:45:00+00:00,18,1,17.4,28,8.4,8120,24.2,72,176
5408,2025-05-04 06:00:00+00:00,18,1,4.9,27.4,8,0,24.8,71,34
5408,2025-05-04 06:15:00+00:00,15,0,12.7,8.4,8.7,0,25.5,68,25
5408,2025-05-04 06:30:00+00:00,15,0,17.2,0.2,8.8,0,25.4,68,25
5408,2025-05-04 06:45:00+00:00,15,0,23.3,32.8,8.6,0,25.4,69,41
5408,2025-05-04 07:00:00+00:00,15,0,36.7,22.8,8.8,30,24.5,72,37
5408,2025-05-04 07:15:00+00:00,16,9,34.7,23.5,-1.3,170,24.1,73,35
5408,2025-05-04 07:30:00+00:00,16,9,32.9,24.4,378.1,110,24.6,72,199
5408,2025-05-04 07:45:00+00:00,16,9,37.6,25.4,9.7,480,24.3,71,38
5408,2025-05-04 08:15:00+00:00,17,4,42.7,27.3,9.6,1090,24.1,71,43
5408,2025-05-04 08:30:00+00:00,17,4,43.1,25.6,9.8,1040,23.9,72,43
5408,2025-05-04 08:45:00+00:00,17,4,42.7,24.8,10.2,1160,23.8,74,54
5408,2025-05-04 09:00:00+00:00,17,4,41.6,25.8,9.9,930,24.2,73,46
5408,2025-05-04 09:15:00+00:00,19,5,40.4,29.1,9.4,0,24.8,70,40
5408,2025-05-04 09:30:00+00:00,19,5,49,28.3,9.3,370,25.2,68,49
5408,2025-05-04 10:00:00+00:00,19,5,54.1,26.3,9.8,1260,25.6,66,60
5408,2025-05-04 10:15:00+00:00,21,10,56.1,27,9.5,1170,25.6,65,56
5408,2025-05-04 10:30:00+00:00,21,10,57.4,26.8,9.5,1260,25.7,63,60
5408,2025-05-04 10:45:00+00:00,21,10,57.2,27.7,9.6,1270,26,61,60
5408,2025-05-04 11:00:00+00:00,21,10,59.2,28.2,9.4,1330,26.1,60,64
5408,2025-05-04 11:15:00+00:00,19,11,61,27,9.6,850,25.9,60,61
5408,2025-05-04 11:30:00+00:00,19,11,60.4,25,9.7,130,25.9,59,60
5408,2025-05-04 12:00:00+00:00,19,11,58.8,27.4,10.4,0,25.6,60,59
5408,2025-05-04 12:15:00+00:00,19,7,57.6,28.3,10.2,0,25.4,61,58
5408,2025-05-04 12:30:00+00:00,19,7,55.7,29,10.3,20,24.9,63,56
5408,2025-05-04 12:45:00+00:00,19,7,47,31,10.1,250,24.5,66,47
5408,2025-05-04 13:00:00+00:00,19,7,43.5,33.3,10,150,24.2,67,44
5408,2025-05-04 13:15:00+00:00,22,18,42.9,33.8,9.8,230,23.8,68,43
5408,2025-05-04 13:30:00+00:00,22,18,41.9,33.7,10.1,170,23.5,68,42
5408,2025-05-04 13:45:00+00:00,22,18,43.5,35.2,9.8,100,23.1,70,44
5408,2025-05-04 14:00:00+00:00,22,18,41,34.9,9.9,80,22.9,71,44
5408,2025-05-04 14:15:00+00:00,18,11,36.8,34.7,10,130,22.9,71,43
5408,2025-05-04 14:30:00+00:00,18,11,34.9,35.7,10.1,160,22.9,72,45
5408,2025-05-04 14:45:00+00:00,18,11,31.2,35.7,10.1,170,22.6,74,45
5408,2025-05-04 15:00:00+00:00,18,11,26.7,36.6,9.9,130,22.7,74,46
5408,2025-05-04 15:15:00+00:00,22,20,24.3,40.6,10,260,22.8,74,37
5408,2025-05-04 15:30:00+00:00,22,20,27,43,10.5,470,22.7,74,54
5408,2025-05-04 16:00:00+00:00,22,20,24.7,41.3,10.4,530,22,77,51
5408,2025-05-04 16:15:00+00:00,26,20,29.4,39.3,10.5,520,22.2,75,49
5408,2025-05-04 16:30:00+00:00,26,20,21.6,38.4,10.6,540,22.4,76,48
5408,2025-05-04 16:45:00+00:00,26,20,12.5,40,10.5,650,22.2,77,50
5408,2025-05-04 17:00:00+00:00,26,20,14.3,43.7,10.3,620,22.1,78,54
5408,2025-05-04 17:15:00+00:00,29,31,13.7,44.8,10,560,22.1,78,56
5408,2025-05-04 17:30:00+00:00,29,31,16.7,46.8,10.2,520,22.2,78,58
5408,2025-05-04 17:45:00+00:00,29,31,15.1,46.2,10.5,550,22.2,78,58
5408,2025-05-04 18:00:00+00:00,29,31,8.4,46.6,10.2,520,21.8,80,58
5408,2025-05-04 18:15:00+00:00,27,26,4.9,46.9,10.6,420,21.4,82,58
5408,2025-05-04 19:15:00+00:00,34,28,10.4,44,11.8,240,21.3,81,56
5408,2025-05-04 19:30:00+00:00,34,28,8.8,43.1,11.7,160,21.2,82,56
5408,2025-05-04 19:45:00+00:00,34,28,2.5,43.4,11.6,300,21,83,56
5408,2025-05-04 20:00:00+00:00,34,28,3.9,43.9,11.5,290,21,83,56
5408,2025-05-04 20:15:00+00:00,24,41,2.2,43.6,11.7,240,21,84,54
5408,2025-05-04 20:30:00+00:00,24,41,2.5,43.1,11.8,140,20.9,84,54
5408,2025-05-04 20:45:00+00:00,24,41,1.2,42.1,11.6,190,20.6,85,52
5408,2025-05-04 21:00:00+00:00,24,41,2,41.8,11.7,240,20.5,85,52
5408,2025-05-04 21:15:00+00:00,26,44,-7.3,40.6,11.6,0,20.6,85,44
5408,2025-05-04 21:30:00+00:00,26,44,130.3,38.2,12.2,0,20.7,85,144
5408,2025-05-04 21:45:00+00:00,26,44,2.5,39.1,13,0,20.9,84,49
5408,2025-05-04 22:00:00+00:00,26,44,2.7,38.9,13.5,0,20.8,85,49
5408,2025-05-04 22:15:00+00:00,24,39,3.1,37.8,13.5,0,20.9,85,47
5408,2025-05-04 22:30:00+00:00,24,39,1.8,36,12.9,0,20.8,85,45
5408,2025-05-04 22:45:00+00:00,24,39,1.6,36.2,12.6,180,20.8,85,45
5408,2025-05-04 23:00:00+00:00,24,39,1.4,36.1,12.1,180,20.8,85,45
5408,2025-05-04 23:30:00+00:00,26,36,2.4,35.2,11.9,90,20.7,85,44
5408,2025-05-04 23:45:00+00:00,26,36,2.5,38.8,11.9,270,20.6,84,48
5408,2025-05-05 00:00:00+00:00,26,36,4.5,39.5,11.3,300,20.6,84,49
5408,2025-05-05 00:15:00+00:00,28,40,6.5,39.4,11,320,20.6,84,49
5408,2025-05-05 01:15:00+00:00,41,70,9.6,40.3,11.7,320,22.4,80,70
5408,2025-05-05 01:30:00+00:00,41,70,20.8,40.5,11.5,260,23.3,77,70
5408,2025-05-05 01:45:00+00:00,41,70,35.9,38.7,11.6,370,24.5,73,70
5408,2025-05-05 02:00:00+00:00,41,70,39.8,36.2,11.9,370,25.6,70,70
5408,2025-05-05 02:15:00+00:00,27,40,43.9,33.4,11.7,270,26.5,68,45
5408,2025-05-05 02:30:00+00:00,27,40,47.4,30.7,11.2,240,26.6,69,47
5408,2025-05-05 02:45:00+00:00,27,40,48,28.9,11.1,260,26.7,69,48
5408,2025-05-05 03:00:00+00:00,27,40,49,26.4,11.8,250,27.2,69,49
5408,2025-05-05 03:15:00+00:00,21,35,49.6,26.2,12.2,150,27.7,68,50
5408,2025-05-05 03:30:00+00:00,21,35,49,25.3,12.7,500,27.9,67,49
5408,2025-05-05 03:45:00+00:00,21,35,47.4,25.9,12.8,580,28.6,64,47
5408,2025-05-05 04:00:00+00:00,21,35,51.4,25.6,13,580,28.7,65,51
5408,2025-05-05 04:15:00+00:00,26,34,51.5,27.1,12.8,680,29,64,52
5408,2025-05-05 04:30:00+00:00,26,34,51.4,28.7,12.5,890,29.3,62,51
5408,2025-05-05 05:00:00+00:00,26,34,56.4,29.5,13.2,660,29.9,60,56
5408,2025-05-05 05:30:00+00:00,24,39,59.2,29.3,13.2,14.84,30.3,59,59
5408,2025-05-05 05:45:00+00:00,24,39,60.8,28.8,13.6,11.82,30.4,58,61
5408,2025-05-05 06:15:00+00:00,26,43,63.3,12.9,12.4,0,31.2,56,63
5408,2025-05-05 06:30:00+00:00,26,43,66.8,-11.9,12.9,0,31.1,56,67
5408,2025-05-05 06:45:00+00:00,26,43,60.6,30.6,13.4,610,31.3,56,61
5408,2025-05-05 07:00:00+00:00,26,43,65.5,25.1,13.2,1430,31.4,55,69
5408,2025-05-05 07:15:00+00:00,29,45,66.1,25.5,0.3,1090,32,54,66
5408,2025-05-05 07:30:00+00:00,29,45,63.7,26.1,379.7,350,32.1,54,200
5408,2025-05-05 07:45:00+00:00,29,45,68,25.3,11.9,130,32.5,52,68
5408,2025-05-05 08:00:00+00:00,29,45,67.6,25.5,12.9,780,32.6,51,68
5408,2025-05-05 08:15:00+00:00,37,47,73.3,21.1,13.3,880,32.3,52,73
5408,2025-05-05 08:30:00+00:00,37,47,75.9,24,13.1,1040,32.6,51,76
5408,2025-05-05 08:45:00+00:00,37,47,76.2,24.3,13.6,1270,32.9,50,76
5408,2025-05-05 09:15:00+00:00,38,48,81.7,24,11.1,1330,33,50,82
5408,2025-05-05 09:30:00+00:00,38,48,83.5,25.4,11.3,1480,32.8,50,84
5408,2025-05-05 10:00:00+00:00,38,48,85.7,24.5,10.8,1600,32.3,51,86
5408,2025-05-05 10:30:00+00:00,37,44,87.6,23.7,11,1830,31.8,54,91
5408,2025-05-05 10:45:00+00:00,37,44,80.2,23.8,11.1,1870,31.6,56,93
5408,2025-05-05 11:00:00+00:00,37,44,73.7,24.5,11.1,1820,31.3,56,90
5408,2025-05-05 11:15:00+00:00,35,38,72.3,23.2,11,840,31,55,72
5408,2025-05-05 11:30:00+00:00,35,38,66.4,23.4,11.9,630,30.4,55,66
5408,2025-05-05 11:45:00+00:00,35,38,67,23.3,13,450,30.1,51,67
5408,2025-05-05 12:00:00+00:00,35,38,60.6,23.1,12.7,0,29.7,52,61
5408,2025-05-05 12:30:00+00:00,28,30,59,28.3,11.6,0,29.3,52,59
5408,2025-05-05 12:45:00+00:00,28,30,59,29.3,12.1,0,28.9,53,59
5408,2025-05-05 13:00:00+00:00,28,30,55.9,28.5,12.2,180,28.3,56,56
5408,2025-05-05 13:15:00+00:00,35,36,52.9,27.7,12.3,400,27.9,58,58
5408,2025-05-05 13:30:00+00:00,35,36,46.5,27.3,13.4,0,27.6,60,58
5408,2025-05-05 13:45:00+00:00,35,36,43.5,27.9,12.1,0,27.2,62,58
5408,2025-05-05 14:00:00+00:00,35,36,45.9,27.7,12.4,0,26.8,64,58
5408,2025-05-05 14:15:00+00:00,33,38,46.1,27.3,12,60,26.4,66,54
5408,2025-05-05 14:30:00+00:00,33,38,42.9,26.6,11.8,330,26.1,69,54
5408,2025-05-05 14:45:00+00:00,33,38,38.4,25.9,12.1,300,25.9,72,54
5408,2025-05-05 15:15:00+00:00,29,32,34.3,25.7,13,210,25.5,76,48
5408,2025-05-05 15:30:00+00:00,29,32,32.9,24,12.3,610,25.3,77,48
5408,2025-05-05 16:00:00+00:00,29,32,30.4,26.2,12.7,490,25,79,48
5408,2025-05-05 16:15:00+00:00,33,42,30,26.7,12.7,610,24.8,79,54
5408,2025-05-05 16:30:00+00:00,33,42,30.2,25.9,13.1,660,24.8,80,54
5408,2025-05-05 17:00:00+00:00,33,42,33.3,25,12.7,630,24.7,81,54
5408,2025-05-05 17:15:00+00:00,30,31,31.8,23.9,12.9,640,24.6,81,50
5408,2025-05-05 17:30:00+00:00,30,31,30.8,23.2,12.8,570,24.6,82,50
5408,2025-05-05 17:45:00+00:00,30,31,29.4,25.3,12.5,540,24.5,82,50
5408,2025-05-05 18:00:00+00:00,30,31,26.5,25.7,12.4,570,24.3,83,50
5408,2025-05-05 18:15:00+00:00,35,48,25.3,25.2,12.9,570,24.3,83,58
5408,2025-05-05 19:15:00+00:00,35,50,26.9,27.7,13.4,800,23.9,84,58
5408,2025-05-05 19:30:00+00:00,35,50,20.4,26.8,13.3,600,23.8,85,58
5408,2025-05-05 19:45:00+00:00,35,50,27,27,13.4,710,23.9,84,58
5408,2025-05-05 20:00:00+00:00,35,50,23.9,27.3,13.1,860,24.1,84,58
5408,2025-05-05 20:15:00+00:00,33,39,26.7,27,13.3,810,24.6,83,54
5408,2025-05-05 20:30:00+00:00,33,39,27.6,27,12.8,600,24.9,81,54
5408,2025-05-05 20:45:00+00:00,33,39,29.6,26,13.6,650,24.6,82,54
5408,2025-05-05 21:00:00+00:00,33,39,26.5,25.4,13.4,720,24.2,83,54
5408,2025-05-05 21:15:00+00:00,27,35,-64.3,26.4,13.4,460,24.1,84,45
5408,2025-05-05 21:30:00+00:00,27,35,159.2,26.9,14.5,0,24,84,187
5408,2025-05-05 21:45:00+00:00,27,35,51.4,26.5,14.3,80,24,85,51
5408,2025-05-05 22:00:00+00:00,27,35,29.6,26.8,14,240,23.8,84,45
5408,2025-05-05 22:15:00+00:00,28,38,23.9,27.3,14.2,570,23.3,81,47
5408,2025-05-05 22:30:00+00:00,28,38,24.1,27.4,14,540,23,82,47
5408,2025-05-05 23:00:00+00:00,28,38,25.9,26.8,13.4,550,22.7,81,47
5408,2025-05-05 23:30:00+00:00,27,39,29.4,27.7,13.8,290,22.6,80,45
5408,2025-05-05 23:45:00+00:00,27,39,40.6,27.7,13.8,460,22.8,78,45
5408,2025-05-06 00:00:00+00:00,27,39,39.6,26.8,13.8,480,22.7,77,45
5408,2025-05-06 00:15:00+00:00,24,29,38.2,26.8,12.8,530,22.9,76,40
5408,2025-05-06 00:30:00+00:00,24,29,35.3,27.3,11.2,460,23.1,76,40
5408,2025-05-06 00:45:00+00:00,24,29,36.8,28.3,11.2,540,23.5,75,40
5408,2025-05-06 01:00:00+00:00,24,29,34.9,29.4,10.9,490,24,74,40
5408,2025-05-06 01:15:00+00:00,27,32,34.5,30.5,10.6,580,24.6,72,45
5408,2025-05-06 01:30:00+00:00,27,32,34.9,31,11.3,610,25.1,71,45
5408,2025-05-06 02:00:00+00:00,27,32,30.2,29.6,10.2,720,26.3,71,45
5408,2025-05-06 02:15:00+00:00,33,43,28.2,29.9,9.9,630,26.6,71,54
5408,2025-05-06 02:30:00+00:00,33,43,30.4,30.5,10.6,740,26.9,70,54
5408,2025-05-06 02:45:00+00:00,33,43,35.1,32,11.5,640,27.1,68,54
5408,2025-05-06 03:00:00+00:00,33,43,40.6,32,11.2,620,27.5,66,54
5408,2025-05-06 03:15:00+00:00,33,48,42.7,31.6,11.7,480,28,65,54
5408,2025-05-06 03:45:00+00:00,33,48,40.6,30.4,11.1,730,28.8,64,54
5408,2025-05-06 04:00:00+00:00,33,48,40.6,29.5,11.1,410,28.9,64,54
5408,2025-05-06 04:15:00+00:00,29,37,42.3,29.6,10.9,660,29.5,63,48
5408,2025-05-06 04:30:00+00:00,29,37,42.9,29,11,580,29.6,62,48
5408,2025-05-06 04:45:00+00:00,29,37,43.7,27.2,10.8,600,29.7,62,48
5408,2025-05-06 05:00:00+00:00,29,37,45.3,24.9,10.6,-130,30.1,60,48
5408,2025-05-06 05:15:00+00:00,27,36,44.9,21.5,10.1,-3550,30.5,58,45
5408,2025-05-06 05:30:00+00:00,27,36,45.1,22.6,7.5,20.32,31.1,54,45
5408,2025-05-06 06:00:00+00:00,27,36,31.9,22.7,6.8,0,31.9,49,45
5408,2025-05-06 06:15:00+00:00,27,40,46.8,10.1,5.5,0,33.3,47,47
5408,2025-05-06 06:30:00+00:00,27,40,57,-11.4,8.3,0,32.6,47,57
5408,2025-05-06 06:45:00+00:00,27,40,54.5,25.2,8,0,31.9,50,54
5408,2025-05-06 07:00:00+00:00,27,40,53.9,24.4,7.4,0,32.1,48,54
5408,2025-05-06 07:15:00+00:00,26,38,52.1,26.3,-3.7,0,32.2,47,52
5408,2025-05-06 07:30:00+00:00,26,38,55.5,28.7,413,6770,32.4,46,209
5408,2025-05-06 08:00:00+00:00,26,38,50.8,26.6,25.4,6770,33,44,160
5408,2025-05-06 08:15:00+00:00,29,42,47.6,23.6,27.5,6770,33.8,42,160
5408,2025-05-06 08:30:00+00:00,29,42,41.9,21.3,28.3,6770,32.1,49,160
5408,2025-05-06 08:45:00+00:00,29,42,43.1,20.1,0,6770,31.1,53,160
5408,2025-05-06 09:00:00+00:00,29,42,44.5,21.3,10.3,0,31.8,50,48
5408,2025-05-06 09:15:00+00:00,28,40,43.9,22.9,13.2,110,32.5,49,47
5408,2025-05-06 09:30:00+00:00,28,40,45.9,23.9,8.1,490,32.5,48,47
5408,2025-05-06 10:00:00+00:00,28,40,51,26.2,13,870,32.5,49,51
5408,2025-05-06 10:15:00+00:00,46,62,65.9,24.8,12.9,30,32.1,48,76
5408,2025-05-06 10:30:00+00:00,46,62,73.9,26.7,13.4,2290,31.7,48,103
5408,2025-05-06 10:45:00+00:00,46,62,72.5,30.8,13.2,2710,31.9,48,109
5408,2025-05-06 11:00:00+00:00,46,62,67,31.6,14,2480,31.9,47,106
5408,2025-05-06 11:15:00+00:00,85,122,69.6,32.9,13.9,1680,31.9,44,183
5408,2025-05-06 11:30:00+00:00,85,122,69,34,13.2,620,31.5,44,183
5408,2025-05-06 11:45:00+00:00,85,122,67.2,34.5,12.2,740,30.6,48,183
5408,2025-05-06 12:00:00+00:00,85,122,60.2,32.2,12.2,320,30,50,183
5408,2025-05-06 12:15:00+00:00,48,66,53.7,34.2,12.2,180,29.8,51,80
5408,2025-05-06 12:30:00+00:00,48,66,52.9,37.1,11.6,400,29.6,51,80
5408,2025-05-06 12:45:00+00:00,48,66,51,38.1,11.2,0,29.3,54,80
5408,2025-05-06 13:00:00+00:00,48,66,48.2,37.3,10.6,70,29.1,58,80
5408,2025-05-06 13:15:00+00:00,40,61,40.2,38.1,10.7,110,28.8,61,66
5408,2025-05-06 13:30:00+00:00,40,61,37,39.4,10.7,380,28.7,65,66
5408,2025-05-06 13:45:00+00:00,40,61,31.6,36.3,10.9,0,28.4,68,66
5408,2025-05-06 14:00:00+00:00,40,61,46.3,34.4,10.9,0,27.8,57,66
5408,2025-05-06 14:15:00+00:00,35,56,55.1,33.3,11,0,25.7,57,58
5408,2025-05-06 14:30:00+00:00,35,56,55.1,32.6,10.7,0,20.3,81,58
5408,2025-05-06 14:45:00+00:00,35,56,60.4,32.7,10.3,0,18.6,87,60
5408,2025-05-06 15:00:00+00:00,35,56,56.6,32.1,10.2,0,18.8,88,58
5408,2025-05-06 15:15:00+00:00,32,26,50.4,30.9,10.6,0,19.5,88,53
5408,2025-05-06 15:30:00+00:00,32,26,48.4,30.3,10.8,1520,20.2,85,74
5408,2025-05-06 15:45:00+00:00,32,26,47.8,29.5,10.9,1370,20.8,82,66
5408,2025-05-06 16:00:00+00:00,32,26,51.9,29.9,10.8,1410,21.7,79,68
5408,2025-05-06 16:15:00+00:00,32,32,53.5,29.2,10.6,1350,22.2,75,65
5408,2025-05-06 16:30:00+00:00,32,32,52.9,27.8,10.9,1210,22.5,74,57
5408,2025-05-06 16:45:00+00:00,32,32,47,27.5,11.2,1280,22.1,77,61
5408,2025-05-06 17:00:00+00:00,32,32,44.7,27.5,11.1,1180,22.1,77,55
5408,2025-05-06 17:15:00+00:00,32,23,46.8,28,11.4,1290,22.6,73,61
5408,2025-05-06 17:30:00+00:00,32,23,47.6,28.4,11.2,1270,23.1,71,60
5408,2025-05-06 17:45:00+00:00,32,23,42.7,29.3,11.3,1120,22.9,74,53
5408,2025-05-06 18:00:00+00:00,32,23,37.6,29.8,11.5,1310,22.8,77,62
5408,2025-05-06 18:15:00+00:00,38,34,33.9,29.9,11.6,1530,22.8,77,74
5408,2025-05-06 19:15:00+00:00,45,79,23.3,33.4,12.2,450,22.9,79,79
5408,2025-05-06 19:30:00+00:00,45,79,21.4,34.7,12.5,1030,22.9,79,79
5408,2025-05-06 19:45:00+00:00,45,79,21.4,35.1,12.9,1030,22.9,79,79
5408,2025-05-06 20:00:00+00:00,45,79,22.9,34.6,12.9,1000,22.9,79,79
5408,2025-05-06 20:15:00+00:00,44,57,24.9,33.2,12.2,960,22.9,79,73
5408,2025-05-06 20:30:00+00:00,44,57,25.1,30.9,12.3,1040,22.9,79,73
5408,2025-05-06 20:45:00+00:00,44,57,26.1,31.3,12.3,1110,22.8,79,73
5408,2025-05-06 21:00:00+00:00,44,57,25.5,32.1,12,1080,22.8,79,73
5408,2025-05-06 21:15:00+00:00,41,42,-2,30.9,11.6,730,22.7,80,68
5408,2025-05-06 21:30:00+00:00,41,42,132.7,31.2,11.6,290,22.7,81,148
5408,2025-05-06 21:45:00+00:00,41,42,17.1,31.9,11.3,450,22.6,81,68
5408,2025-05-06 22:15:00+00:00,43,48,22,31.3,11.3,720,22.8,79,71
5408,2025-05-06 22:30:00+00:00,43,48,22.9,31,11.7,810,22.8,79,71
5408,2025-05-06 22:45:00+00:00,43,48,22.3,31.1,11.6,840,22.9,79,71
5408,2025-05-06 23:00:00+00:00,43,48,19.2,31.3,11.8,770,22.9,80,71
5408,2025-05-06 23:15:00+00:00,45,59,18.6,31.1,11.4,620,22.7,81,75
5408,2025-05-06 23:30:00+00:00,45,59,19.8,30.7,11.7,870,22.8,81,75
5408,2025-05-06 23:45:00+00:00,45,59,17.6,30,12.3,950,22.9,81,75
5408,2025-05-07 00:00:00+00:00,45,59,13.9,32.8,12.7,940,22.9,81,75
5408,2025-05-07 00:15:00+00:00,43,63,13.5,34.6,12.5,1120,23,81,71
5408,2025-05-07 00:30:00+00:00,43,63,11.4,36.5,12.5,1000,23,81,71
5408,2025-05-07 00:45:00+00:00,43,63,11.6,36.1,12.3,1130,23.2,81,71
5408,2025-05-07 01:00:00+00:00,43,63,11.2,35.3,11.9,850,23.7,81,71
5408,2025-05-07 01:15:00+00:00,46,71,12.5,34.8,11.9,850,24.4,79,76
5408,2025-05-07 01:30:00+00:00,46,71,12.9,34.7,12.1,940,24.7,79,76
5408,2025-05-07 01:45:00+00:00,46,71,9.4,34.9,12,950,24.2,81,76
5408,2025-05-07 02:00:00+00:00,46,71,12.9,34.1,11.6,700,24.1,80,76
5408,2025-05-07 02:15:00+00:00,43,68,19.8,33.3,11.3,620,24.9,79,71
5408,2025-05-07 02:30:00+00:00,43,68,24.1,32.4,11,840,25.5,77,71
5408,2025-05-07 03:00:00+00:00,43,68,24.9,30.6,10.8,660,26.4,76,71
5408,2025-05-07 03:15:00+00:00,43,69,24.9,30.8,11.1,550,27.1,74,71
5408,2025-05-07 03:30:00+00:00,43,69,27.4,32.6,11.7,700,28.4,70,71
5408,2025-05-07 04:00:00+00:00,43,69,36.3,30.8,11.3,2320,29.1,68,104
5408,2025-05-07 04:15:00+00:00,37,72,40.8,30,10.6,2600,29.6,67,107
5408,2025-05-07 04:30:00+00:00,37,72,37.4,29.8,10.1,2830,29.6,66,110
5408,2025-05-07 04:45:00+00:00,37,72,38,29.6,10.1,2810,30.3,63,110
5408,2025-05-07 05:00:00+00:00,37,72,38.4,28.5,10,2840,30.1,64,110
5408,2025-05-07 05:15:00+00:00,33,56,43.5,28.3,10.1,950,30.7,61,56
5408,2025-05-07 05:30:00+00:00,33,56,39,28.7,12.4,22.66,30.9,61,56
5408,2025-05-07 06:00:00+00:00,33,56,45.9,36.6,14.1,8600,31.5,56,182
5408,2025-05-07 06:15:00+00:00,45,90,54.1,5.4,13.5,3270,32.2,52,116
5408,2025-05-07 06:30:00+00:00,45,90,54.7,-10.8,16.2,3020,32.7,51,113
5408,2025-05-07 06:45:00+00:00,45,90,55.3,38.7,19.9,2630,32.9,49,108
5408,2025-05-07 07:00:00+00:00,45,90,60,30.4,19,3020,32.8,48,113
5408,2025-05-07 07:15:00+00:00,54,101,62.7,30.3,2.5,1630,32.8,47,101
5408,2025-05-07 07:30:00+00:00,54,101,64.3,30,356.2,220,33.1,46,192
5408,2025-05-07 07:45:00+00:00,54,101,65.9,29.2,16.9,370,33.6,44,101
5408,2025-05-07 08:00:00+00:00,54,101,64.9,28.9,17,840,33.8,43,101
5408,2025-05-07 08:15:00+00:00,49,78,65.9,28.4,15.5,970,33.7,43,81
5408,2025-05-07 08:30:00+00:00,49,78,63.9,26.8,13.9,1310,34.5,40,81
5408,2025-05-07 08:45:00+00:00,49,78,65.3,26.1,14,370,35,39,81
5408,2025-05-07 09:00:00+00:00,49,78,69.2,26.5,14.1,0,34.7,41,81
5408,2025-05-07 09:15:00+00:00,52,77,73.1,27.2,14.7,570,33.6,45,86
5408,2025-05-07 09:30:00+00:00,52,77,75.7,27.4,15.5,1320,33.1,47,86
5408,2025-05-07 09:45:00+00:00,52,77,77.8,27.8,15,1280,32.9,47,86
5408,2025-05-07 10:00:00+00:00,52,77,73.1,27.7,13.7,1410,32.1,49,86
5408,2025-05-07 10:15:00+00:00,55,82,66.6,26.7,12.6,1470,31.4,52,92
5408,2025-05-07 10:45:00+00:00,55,82,60.6,26.1,11.7,1190,31.2,51,92
5408,2025-05-07 11:00:00+00:00,55,82,63.9,25.9,12.3,840,31.1,51,92
5408,2025-05-07 11:15:00+00:00,45,63,68.4,26.3,12.9,1010,30.6,51,75
5408,2025-05-07 11:45:00+00:00,45,63,61.7,28.1,12.1,1810,30,54,90
5408,2025-05-07 12:15:00+00:00,41,59,43.7,28.7,11.8,1640,28.4,65,80
5408,2025-05-07 12:45:00+00:00,41,59,29.2,30.1,10.6,0,28.3,65,68
5408,2025-05-07 13:00:00+00:00,41,59,33.1,29.2,11.1,320,28.1,65,68
5408,2025-05-07 14:30:00+00:00,41,41,38.8,28.4,9.8,0,26.6,71,68
5408,2025-05-07 15:00:00+00:00,41,41,38.4,31.8,9.7,0,26.3,72,68
5408,2025-05-07 15:15:00+00:00,48,63,38.2,30.2,9.5,310,26.3,73,80
5408,2025-05-07 15:30:00+00:00,48,63,37.2,30.7,10.4,780,26.1,74,80
5408,2025-05-07 15:45:00+00:00,48,63,36.1,29.2,10.9,1020,26.1,74,80
5408,2025-05-07 16:00:00+00:00,48,63,33.7,29.2,10.6,770,25.9,75,80
5408,2025-05-07 16:15:00+00:00,48,57,29.8,26.8,10,780,25.8,75,80
5408,2025-05-07 16:30:00+00:00,48,57,27.6,26.8,10.2,820,25.7,76,80
5408,2025-05-07 16:45:00+00:00,48,57,26.5,27.9,10.5,930,25.5,76,80
5408,2025-05-07 17:00:00+00:00,48,57,25.1,27.3,10.2,540,25.4,77,80
5408,2025-05-07 17:15:00+00:00,46,65,24.1,27.2,9.6,630,25.3,78,76
5408,2025-05-07 17:30:00+00:00,46,65,23.9,27.9,9.6,840,25.3,78,76
5408,2025-05-07 17:45:00+00:00,46,65,22.5,28.5,9.9,1010,25.2,79,76
5408,2025-05-07 18:00:00+00:00,46,65,20.4,28.9,9.9,790,25.2,79,76
5408,2025-05-07 18:15:00+00:00,51,66,17.8,28.7,9.6,740,25.1,80,85
5408,2025-05-07 19:15:00+00:00,43,59,20.8,27.9,10,1050,24.9,82,71
5408,2025-05-07 19:30:00+00:00,43,59,21.6,27.4,10.2,1120,24.9,82,71
5408,2025-05-07 19:45:00+00:00,43,59,22.3,27.4,10.5,1150,24.9,82,71
5408,2025-05-07 20:00:00+00:00,43,59,20.4,27.3,10.2,1060,24.8,82,71
5408,2025-05-07 20:15:00+00:00,35,48,17.2,27.1,9.8,1020,24.7,82,58
5408,2025-05-07 20:30:00+00:00,35,48,16.3,28.2,10.2,1230,24.6,83,58
5408,2025-05-07 20:45:00+00:00,35,48,16.7,27.5,10.6,1200,24.6,83,58
5408,2025-05-07 21:15:00+00:00,40,47,-13.1,28.4,10,300,24.7,82,66
5408,2025-05-07 21:30:00+00:00,40,47,139.7,27.6,9.7,1490,24.6,83,158
5408,2025-05-07 21:45:00+00:00,40,47,18.4,26.2,9.9,1870,24.4,84,93
5408,2025-05-07 22:00:00+00:00,40,47,15.1,24.7,9.6,2050,24.3,84,66
5408,2025-05-07 22:15:00+00:00,37,45,11.8,25.2,10.1,1760,24.1,84,87
5408,2025-05-07 22:30:00+00:00,37,45,8.2,27,10.4,1770,23.9,85,87
5408,2025-05-07 22:45:00+00:00,37,45,10.2,27.5,10.3,2130,23.8,85,101
5408,2025-05-07 23:00:00+00:00,37,45,10.2,26.7,9.6,2030,23.8,85,61
5408,2025-05-07 23:15:00+00:00,39,49,9.8,27.7,9.3,980,23.9,85,65
5408,2025-05-07 23:30:00+00:00,39,49,8.4,29.7,9.5,240,23.8,85,65
5408,2025-05-08 00:00:00+00:00,39,49,14.1,31.4,10.1,340,23.7,85,65
5408,2025-05-08 00:30:00+00:00,35,42,19.8,30.8,10.2,310,23.8,85,58
5408,2025-05-08 00:45:00+00:00,35,42,25.1,29.6,10.1,560,23.9,85,58
5408,2025-05-08 01:15:00+00:00,37,41,24.1,27.5,9.8,340,24.8,83,61
5408,2025-05-08 02:00:00+00:00,37,41,35.9,28.6,10.2,780,26.9,76,61
5408,2025-05-08 02:15:00+00:00,35,42,38.4,27.9,10,770,27.4,74,58
5408,2025-05-08 02:30:00+00:00,35,42,44.5,27.5,10.1,930,27.6,73,58
5408,2025-05-08 02:45:00+00:00,35,42,45.5,27.7,9.9,820,28,70,58
5408,2025-05-08 03:00:00+00:00,35,42,45.5,27.9,10,720,28.4,68,58
5408,2025-05-08 03:15:00+00:00,35,42,48,27.3,10.4,600,27.9,69,58
5408,2025-05-08 03:30:00+00:00,35,42,47.4,26.5,10.7,490,28.1,67,58
5408,2025-05-08 03:45:00+00:00,35,42,51,25.7,10.7,690,28.8,64,58
5408,2025-05-08 04:15:00+00:00,37,42,49.6,25,10.3,800,29.9,60,61
5408,2025-05-08 04:30:00+00:00,37,42,46.6,24.3,10.6,820,30.5,58,61
5408,2025-05-08 04:45:00+00:00,37,42,50.2,24.7,10.4,1120,30.6,57,61
5408,2025-05-08 05:00:00+00:00,37,42,52.1,24.5,9.7,1090,30.6,58,61
5408,2025-05-08 05:15:00+00:00,37,44,50.6,24.6,10.2,-770,30.8,57,61
5408,2025-05-08 05:30:00+00:00,37,44,52.1,25.1,11.3,22.13,31.3,55,61
5408,2025-05-08 05:45:00+00:00,37,44,52.5,27.1,11.7,17.84,32.2,51,61
5408,2025-05-08 06:15:00+00:00,37,45,52.7,2.6,11.2,0,32.2,49,61
5408,2025-05-08 06:30:00+00:00,37,45,69.4,-10,11.4,0,31.8,49,69
5408,2025-05-08 06:45:00+00:00,37,45,60.8,30.5,12.2,70,32.5,47,61
5408,2025-05-08 07:00:00+00:00,37,45,44.5,25.3,13.2,0,32.7,47,61
5408,2025-05-08 07:15:00+00:00,40,50,34.9,24.9,1.7,270,33.2,46,66
5408,2025-05-08 07:30:00+00:00,40,50,47.6,22.7,359,0,33.2,45,193
5408,2025-05-08 07:45:00+00:00,40,50,61.2,27.9,5.5,0,33.6,44,66
5408,2025-05-08 08:00:00+00:00,40,50,58.4,29.6,5,160,34.2,44,66
5408,2025-05-08 08:15:00+00:00,44,45,64.5,29.5,6.1,5190,34.5,43,140
5408,2025-05-08 08:30:00+00:00,38,45,57.6,28.3,10.4,5810,33.7,43,147
5408,2025-05-08 08:45:00+00:00,38,45,59.8,26.4,12,5810,30.8,47,147
5408,2025-05-08 09:00:00+00:00,38,45,59,25.4,11,2300,29.8,50,104
5408,2025-05-08 09:15:00+00:00,68,70,60.2,22.7,11.8,1850,28.3,50,125
5408,2025-05-08 09:30:00+00:00,68,70,60.6,21.2,12,500,27.1,52,125
5408,2025-05-08 09:45:00+00:00,68,70,59.2,21,11.9,0,26.8,55,125
5408,2025-05-08 10:00:00+00:00,68,70,58.6,24.5,10.8,0,26.9,55,125
5408,2025-05-08 10:15:00+00:00,26,296,57.4,26,10.5,1050,27.1,54,246
5408,2025-05-08 10:30:00+00:00,26,296,64.5,27.6,11.2,1440,26.2,62,246
5408,2025-05-08 10:45:00+00:00,26,296,64.9,27.8,11.4,1630,25.5,66,246
5408,2025-05-08 11:00:00+00:00,26,296,64.1,28,11.4,2000,26,63,246
5408,2025-05-08 11:15:00+00:00,37,296,62.1,27.6,11.8,970,26.3,60,246
5408,2025-05-08 11:30:00+00:00,34,61,60.4,28.7,12,210,26,61,61
5408,2025-05-08 11:45:00+00:00,34,61,60.4,29.8,11.8,0,25.4,61,61
5408,2025-05-08 12:00:00+00:00,34,61,57,31.6,11.6,0,25.5,62,61
5408,2025-05-08 12:15:00+00:00,34,54,52.1,33.7,11.3,0,25.7,60,56
5408,2025-05-08 12:30:00+00:00,34,54,48.8,36.1,11.1,0,25.9,60,56
5408,2025-05-08 12:45:00+00:00,34,54,54.9,37.5,11,0,26,58,56
5408,2025-05-08 13:00:00+00:00,34,54,58.8,36.5,12.4,0,25.3,61,59
5408,2025-05-08 13:15:00+00:00,37,69,58.8,34.4,12.8,190,24.9,62,69
5408,2025-05-08 13:30:00+00:00,37,69,50.4,33.6,14.3,420,25.4,61,69
5408,2025-05-08 13:45:00+00:00,37,69,45.5,35.2,13.8,0,25.4,63,69
5408,2025-05-08 14:00:00+00:00,37,69,48.2,35.1,12.7,0,25.1,64,69
5408,2025-05-08 14:15:00+00:00,29,62,46.5,35.7,12.7,0,25.2,63,62
5408,2025-05-08 15:15:00+00:00,36,91,37.6,36.6,14,840,25.7,63,91
5408,2025-05-08 15:30:00+00:00,36,91,30.8,38.9,14,3220,25.7,65,115
5408,2025-05-08 15:45:00+00:00,36,91,33.9,40.5,14.7,3660,25.5,66,121
5408,2025-05-08 16:00:00+00:00,36,91,29.8,39.7,14.6,3460,25,69,118
5408,2025-05-08 16:15:00+00:00,48,111,27.2,37.4,16.5,3270,24.6,71,116
5408,2025-05-08 16:30:00+00:00,48,111,24.1,37.1,19.8,3370,24.3,71,117
5408,2025-05-08 16:45:00+00:00,48,111,35.3,37,20.1,3310,24.2,69,116
5408,2025-05-08 17:00:00+00:00,48,111,35.7,34,18.1,3540,24.1,71,119
5408,2025-05-08 17:15:00+00:00,31,79,34.3,32.7,16.2,3240,23.9,73,115
5408,2025-05-08 17:30:00+00:00,31,79,34.7,31.4,14.3,2970,23.7,73,112
5408,2025-05-08 17:45:00+00:00,31,79,37.2,28.7,12.9,3440,23.7,74,118
5408,2025-05-08 18:00:00+00:00,31,79,40.2,28.2,12.6,3600,23.7,74,120
5408,2025-05-08 18:15:00+00:00,21,43,40.8,27.4,12.6,3260,23.8,74,116
5408,2025-05-08 19:15:00+00:00,25,41,36.1,27.4,13.5,1560,23.6,75,76
5408,2025-05-08 19:30:00+00:00,25,41,34.9,27.1,14,390,23.5,75,42
5408,2025-05-08 19:45:00+00:00,25,41,34.1,27.2,14.2,660,23.5,76,42
5408,2025-05-08 20:15:00+00:00,19,36,32.7,26.2,13.3,560,23.4,76,36
5408,2025-05-08 20:30:00+00:00,19,36,30.2,26.6,13.7,570,23.4,77,36
5408,2025-05-08 20:45:00+00:00,19,36,27.2,26.8,14,770,23.3,78,38
5408,2025-05-08 21:00:00+00:00,19,36,24.3,26,13.7,730,23.2,79,36
5408,2025-05-08 21:30:00+00:00,21,42,153.5,29.2,14,0,23.5,79,179
5408,2025-05-08 21:45:00+00:00,21,42,19.6,27.3,13.5,180,23.7,79,42
5408,2025-05-08 22:00:00+00:00,21,42,19.8,27.7,13.7,600,23.7,79,42
5408,2025-05-08 22:15:00+00:00,25,51,16.3,29.4,13.4,520,23.6,79,51
5408,2025-05-08 22:45:00+00:00,25,51,13.9,31.1,11.8,0,23.3,80,51
5408,2025-05-08 23:00:00+00:00,25,51,17.6,31.5,11.7,930,23.2,80,51
5408,2025-05-08 23:15:00+00:00,26,52,18,29.4,12,920,23.2,81,52
5408,2025-05-08 23:45:00+00:00,26,52,16.7,29.8,11.7,760,23.3,81,52
5408,2025-05-09 00:00:00+00:00,26,52,14.3,29.4,12.3,0,23.4,81,52
5408,2025-05-09 00:15:00+00:00,31,56,10,30.3,12.2,0,23.4,81,56
5408,2025-05-09 00:30:00+00:00,31,56,9.6,30.5,11.5,0,23.4,81,56
5408,2025-05-09 00:45:00+00:00,31,56,12.2,31.3,10.7,0,23.3,81,56
5408,2025-05-09 01:00:00+00:00,31,56,13.9,31.2,10.3,0,23.6,81,56
5408,2025-05-09 01:15:00+00:00,30,61,13.1,30.2,10.8,0,23.8,81,61
5408,2025-05-09 01:30:00+00:00,30,61,12.2,30.3,10.6,0,23.9,81,61
5408,2025-05-09 01:45:00+00:00,30,61,19.6,30.6,10.4,0,24.5,77,61
5408,2025-05-09 02:00:00+00:00,30,61,25.7,29.6,10.6,0,25,74,61
5408,2025-05-09 02:15:00+00:00,35,61,29.2,29.9,10.8,0,25.3,73,61
5408,2025-05-09 02:30:00+00:00,35,61,29.6,28.8,10.5,0,25.9,72,61
5408,2025-05-09 02:45:00+00:00,35,61,31.6,31.3,10.6,0,26.4,71,61
5408,2025-05-09 03:00:00+00:00,35,61,33.7,30.2,10.7,0,26.9,70,61
5408,2025-05-09 03:15:00+00:00,45,66,34.1,29.2,10.9,0,27.2,69,75
5408,2025-05-09 03:30:00+00:00,45,66,36.7,28.4,11,680,27.1,69,75
5408,2025-05-09 04:00:00+00:00,45,66,40.4,29.2,11,720,28.1,67,75
5408,2025-05-09 04:15:00+00:00,23,77,43.3,29.7,10.7,570,28.9,64,77
5408,2025-05-09 04:30:00+00:00,23,77,43.5,30.6,11.3,710,29.2,63,77
5408,2025-05-09 04:45:00+00:00,23,77,46.5,29.6,11.4,610,29.1,64,77
5408,2025-05-09 05:15:00+00:00,49,74,50.2,28.3,10.5,60,30.3,58,81
5408,2025-05-09 05:30:00+00:00,49,74,50.4,29.5,10.8,23.66,30.8,57,81
5408,2025-05-09 05:45:00+00:00,49,74,51.4,28.9,11.3,19.69,31.6,54,81
5408,2025-05-09 06:00:00+00:00,49,74,52.1,27.2,11.2,740,31.8,52,81
5408,2025-05-09 06:15:00+00:00,32,66,52.7,6.6,11.2,950,32.3,51,66
5408,2025-05-09 06:30:00+00:00,32,66,55.9,-15.4,11.7,770,32.4,49,66
5408,2025-05-09 07:00:00+00:00,32,66,55.1,26.5,11.6,150,33.1,48,66
5408,2025-05-09 07:15:00+00:00,37,65,60,25.7,1.3,230,32.9,48,65
5408,2025-05-09 07:30:00+00:00,37,65,60.6,27.7,357.8,1120,33.4,47,193
5408,2025-05-09 07:45:00+00:00,37,65,59.6,27.9,10.3,1150,32.9,48,65
5408,2025-05-09 08:00:00+00:00,37,65,60.4,27.1,10.3,970,33.4,46,65
5408,2025-05-09 08:15:00+00:00,31,63,60.6,27.9,10.3,1050,33.8,45,63
5408,2025-05-09 08:30:00+00:00,31,63,63.1,27.5,11.2,1270,33.9,45,63
5408,2025-05-09 08:45:00+00:00,31,63,60.6,27.1,11.1,1160,33.8,45,63
5408,2025-05-09 09:00:00+00:00,31,63,61.3,27.1,10.8,2630,34.3,43,108
5408,2025-05-09 09:15:00+00:00,31,67,64.9,24.9,10.5,3010,34.2,43,112
5408,2025-05-09 09:30:00+00:00,31,67,68.4,24.7,10.2,3080,34.1,42,113
5408,2025-05-09 09:45:00+00:00,31,67,69.8,25,10.9,2970,34.7,41,112
5408,2025-05-09 10:00:00+00:00,31,67,67.8,25.1,11.3,2610,34.5,42,107
5408,2025-05-09 10:15:00+00:00,32,59,66.1,24.4,11.2,2200,34.3,42,102
5408,2025-05-09 10:30:00+00:00,32,59,69.2,24,11.2,2430,33.6,43,105
5408,2025-05-09 10:45:00+00:00,32,59,74.9,24.7,10.8,2630,33.1,44,108
5408,2025-05-09 11:00:00+00:00,32,59,72.9,24.8,10.7,2500,33.6,41,106
5408,2025-05-09 11:15:00+00:00,31,63,75.3,24.8,10.9,1810,33.1,42,90
5408,2025-05-09 11:30:00+00:00,31,63,77.2,25.6,10.8,1050,32,46,77
5408,2025-05-09 11:45:00+00:00,31,63,74.7,25.7,11.3,1210,31.5,49,75
5408,2025-05-09 12:00:00+00:00,31,63,59.8,25.9,11.2,1190,30.7,54,63
5408,2025-05-09 12:30:00+00:00,29,69,54.7,28.1,10.7,840,29.7,58,69
5408,2025-05-09 12:45:00+00:00,29,69,53.7,24.4,10.9,1200,29.3,59,69
5408,2025-05-09 13:00:00+00:00,29,69,54.3,25.7,10.8,1250,29,61,69
5408,2025-05-09 13:15:00+00:00,43,75,47.4,26.2,11.2,770,28.6,64,75
5408,2025-05-09 13:30:00+00:00,43,75,44.7,25.7,11.4,710,28.3,65,75
5408,2025-05-09 13:45:00+00:00,43,75,44.5,25.2,11.7,940,28.1,65,75
5408,2025-05-09 14:00:00+00:00,43,75,42.1,25.8,11.4,950,27.9,64,75
5408,2025-05-09 14:15:00+00:00,47,78,42.3,26,11.5,780,27.6,66,78
5408,2025-05-09 14:45:00+00:00,47,78,42.3,28.8,12.4,890,27.2,69,78
5408,2025-05-09 15:00:00+00:00,47,78,43.1,26.9,12.1,960,27,69,78
5408,2025-05-09 15:15:00+00:00,47,71,44.7,26.8,12.4,530,26.7,70,78
5408,2025-05-09 15:30:00+00:00,47,71,43.7,25,12.7,470,26.5,71,78
5408,2025-05-09 15:45:00+00:00,47,71,41.9,24,13.2,790,26.4,72,78
5408,2025-05-09 16:00:00+00:00,47,71,39.8,23.9,13.3,520,26.1,73,78
5408,2025-05-09 16:15:00+00:00,58,89,40.2,24.8,13.5,300,26,73,97
5408,2025-05-09 16:30:00+00:00,58,89,38.8,27.3,13.8,340,26,74,97
5408,2025-05-09 16:45:00+00:00,58,89,38.2,27,13.8,720,25.7,75,97
5408,2025-05-09 17:00:00+00:00,58,89,37.6,26.8,13,810,25.6,76,97
5408,2025-05-09 17:15:00+00:00,49,83,36.8,25.9,12.5,240,25.5,77,83
5408,2025-05-09 17:30:00+00:00,49,83,31.6,27.6,13.1,0,25.6,77,83
5408,2025-05-09 17:45:00+00:00,49,83,28,27.8,12.5,0,25.6,77,83
5408,2025-05-09 18:00:00+00:00,49,83,37,27.8,12.1,0,25.6,77,83
5408,2025-05-09 18:15:00+00:00,57,88,40.2,28.5,11.4,0,25.6,77,95
5408,2025-05-09 19:15:00+00:00,52,88,25.9,28.8,7.6,0,25.1,79,88
5408,2025-05-09 19:30:00+00:00,52,88,25.7,28.6,7.6,980,25,80,88
5408,2025-05-09 19:45:00+00:00,52,88,24.9,28.9,7.3,1170,24.9,80,88
5408,2025-05-09 20:00:00+00:00,52,88,23.5,29,7.3,1040,24.8,80,88
5408,2025-05-09 20:15:00+00:00,49,84,22.7,28.4,7.5,1020,24.8,81,84
5408,2025-05-09 20:30:00+00:00,49,84,22,27.7,7.8,1280,24.7,81,84
5408,2025-05-09 20:45:00+00:00,49,84,22.5,28.6,7.6,1160,24.7,81,84
5408,2025-05-09 21:00:00+00:00,49,84,24.7,27.9,7.3,1110,24.6,81,84
5408,2025-05-09 21:15:00+00:00,41,80,-3.5,28.3,6.9,410,24.6,82,80
5408,2025-05-09 21:30:00+00:00,41,80,133.5,28.7,6.8,810,24.6,82,149
5408,2025-05-09 21:45:00+00:00,41,80,18.8,27.9,6.7,950,24.5,82,80
5408,2025-05-09 22:00:00+00:00,41,80,21,27.1,6.7,920,24.4,82,80
5408,2025-05-09 22:15:00+00:00,48,77,17.8,26.9,6.9,730,24.4,82,80
5408,2025-05-09 22:30:00+00:00,48,77,23.1,28.1,7.1,950,24.5,82,80
5408,2025-05-09 22:45:00+00:00,48,77,23.1,28.4,7,1020,24.5,82,80
5408,2025-05-09 23:00:00+00:00,48,77,23.7,28.1,6.9,900,24.5,82,80
5408,2025-05-09 23:15:00+00:00,42,83,20.8,28.4,6.9,1370,24.5,82,83
5408,2025-05-09 23:30:00+00:00,42,83,14.9,29.2,7.2,1830,24.2,83,91
5408,2025-05-09 23:45:00+00:00,42,83,16.9,29.7,7,2080,23.9,84,83
5408,2025-05-10 00:00:00+00:00,42,83,18.2,29,7,1750,24.2,84,86
5408,2025-05-10 00:15:00+00:00,42,80,18.4,29,7,1950,24.4,83,97
5408,2025-05-10 00:30:00+00:00,42,80,14.3,29.5,8.6,1980,24.5,83,99
5408,2025-05-10 00:45:00+00:00,42,80,18.4,31,9.7,2140,24.8,82,102
5408,2025-05-10 01:00:00+00:00,42,80,23.5,31,9.7,1940,25.3,80,97
5408,2025-05-10 01:15:00+00:00,39,77,27.4,30.5,9.6,1960,25.9,79,98
5408,2025-05-10 01:30:00+00:00,39,77,29,29.4,10,2120,26.2,78,101
5408,2025-05-10 01:45:00+00:00,39,77,29.6,28.8,10.5,2110,26.4,77,101
5408,2025-05-10 02:15:00+00:00,40,76,38.4,27.8,10.7,2890,27.2,74,111
5408,2025-05-10 02:30:00+00:00,40,76,41.2,27.2,11.3,3550,27.5,73,119
5408,2025-05-10 02:45:00+00:00,40,76,44.5,26.2,11.5,3790,27.6,73,122
5408,2025-05-10 03:00:00+00:00,40,76,45.7,24.7,12,3820,27.3,74,123
5408,2025-05-10 03:15:00+00:00,26,67,46.1,24,11.8,2040,27.6,73,67
5408,2025-05-10 03:30:00+00:00,26,67,47,23.4,11.9,260,27.9,71,67
5408,2025-05-10 03:45:00+00:00,26,67,48.4,23.1,11.8,620,28.7,69,67
5408,2025-05-10 04:00:00+00:00,26,67,49.6,22.7,11.6,1060,29,67,67
5408,2025-05-10 04:30:00+00:00,29,66,52.1,20.8,11.6,710,29.6,64,66
5408,2025-05-10 04:45:00+00:00,29,66,53.7,23.4,11.4,1330,29.6,63,66
5408,2025-05-10 05:00:00+00:00,29,66,55.7,23,11.5,1510,30.5,59,73
5408,2025-05-10 05:15:00+00:00,35,68,56.6,23.1,11.7,-500,30.9,55,68
5408,2025-05-10 05:30:00+00:00,35,68,56.1,24,11.7,22.18,31.5,53,68
5408,2025-05-10 05:45:00+00:00,35,68,57.2,25.1,11.7,18.26,31.8,51,68
5408,2025-05-10 06:00:00+00:00,35,68,58.8,24.1,11.5,790,31.9,50,68
5408,2025-05-10 06:15:00+00:00,32,67,58.6,4,11.3,240,32.4,49,67
5408,2025-05-10 06:30:00+00:00,32,67,60.6,-12.6,11.5,100,32.9,48,67
5408,2025-05-10 06:45:00+00:00,32,67,58.4,19.2,11.4,0,33.2,47,67
5408,2025-05-10 07:15:00+00:00,41,76,54.9,19.3,0.8,1520,33.2,46,76
5408,2025-05-10 07:30:00+00:00,41,76,55.9,22,354.3,1000,33.1,46,191
5408,2025-05-10 07:45:00+00:00,41,76,57,22.5,12.8,1270,34.1,44,76
5408,2025-05-10 08:00:00+00:00,41,76,62.9,23.3,12.5,1240,34.2,43,76
5408,2025-05-10 08:15:00+00:00,42,73,63.5,22.4,12.2,980,34.2,43,73
5408,2025-05-10 08:30:00+00:00,42,73,64.7,21.7,12.1,1310,33.4,45,73
5408,2025-05-10 08:45:00+00:00,42,73,64.5,22,12.3,1080,34,43,73
5408,2025-05-10 09:00:00+00:00,42,73,63.9,22,12,900,34.9,41,73
5408,2025-05-10 09:30:00+00:00,43,70,68,21.8,12.4,880,34.7,40,71
5408,2025-05-10 09:45:00+00:00,43,70,66.6,23.1,11.2,0,34.8,40,71
5408,2025-05-10 10:00:00+00:00,43,70,68.4,24.2,9.6,1570,34.1,42,77
5408,2025-05-10 10:15:00+00:00,45,79,70.4,24.3,9.6,3020,33.6,43,113
5408,2025-05-10 10:30:00+00:00,45,79,73.7,24.5,10.7,3930,33.3,43,124
5408,2025-05-10 10:45:00+00:00,45,79,76.2,23.5,11.1,3700,33,45,121
5408,2025-05-10 11:00:00+00:00,45,79,71,24.3,10.7,170,32.4,47,79
5408,2025-05-10 11:15:00+00:00,48,91,69.4,28,9.7,880,31.9,48,91
5408,2025-05-10 11:45:00+00:00,48,91,68.4,24.9,10.7,4930,31.1,50,136
5408,2025-05-10 12:00:00+00:00,48,91,65.3,26.6,11.6,4770,30.8,51,134
5408,2025-05-10 12:15:00+00:00,51,98,63.7,26.6,12.1,4930,30.6,52,136
5408,2025-05-10 12:30:00+00:00,51,98,60.2,27.9,12.4,4930,30.3,53,136
5408,2025-05-10 12:45:00+00:00,51,98,56.8,28.6,12.1,4820,30,54,135
5408,2025-05-10 13:15:00+00:00,60,125,48.2,31.3,11.5,4930,29.3,56,136
5408,2025-05-10 13:30:00+00:00,60,125,40.8,31.8,11.7,4870,29,57,136
5408,2025-05-10 13:45:00+00:00,60,125,40.4,32.4,11.9,4990,28.8,56,137
5408,2025-05-10 14:00:00+00:00,60,125,38.4,30.4,11.9,4900,28.7,56,136
5408,2025-05-10 14:30:00+00:00,47,98,39.6,31.6,11.6,4910,28,59,136
5408,2025-05-10 14:45:00+00:00,47,98,38.4,30.2,12.1,4670,27.6,61,133
5408,2025-05-10 15:00:00+00:00,47,98,40,30,11.8,4560,27.4,62,132
5408,2025-05-10 15:15:00+00:00,45,83,40.2,30.1,11.7,2770,27.2,63,109
5408,2025-05-10 15:30:00+00:00,45,83,39.2,31.7,11.5,1270,27,65,83
5408,2025-05-10 15:45:00+00:00,45,83,40,30,11.7,1410,26.9,66,83
5408,2025-05-10 16:00:00+00:00,45,83,39.6,30.2,11.1,1160,26.7,69,83
5408,2025-05-10 16:15:00+00:00,53,101,40.2,29.5,11.2,1100,26.3,71,101
5408,2025-05-10 16:30:00+00:00,53,101,32.9,28.7,11.6,1450,26.2,72,101
5408,2025-05-10 16:45:00+00:00,53,101,26.1,29.9,11.4,1350,26,73,101
5408,2025-05-10 17:00:00+00:00,53,101,32.7,31.9,11.5,1210,25.8,74,101
5408,2025-05-10 17:15:00+00:00,67,114,34.7,31.4,11.3,1250,25.6,75,121
5408,2025-05-10 17:45:00+00:00,67,114,32.5,30.6,10.9,1330,25.4,77,121
5408,2025-05-10 18:00:00+00:00,67,114,29.8,30.5,10.9,1310,25.3,77,121
5408,2025-05-10 18:15:00+00:00,49,123,28.4,30.4,11.3,1150,25.2,78,116
5408,2025-05-10 19:15:00+00:00,53,122,30.4,30.5,13.4,1430,24.9,79,115
5408,2025-05-10 19:30:00+00:00,53,122,30.2,31,13.2,1260,24.8,79,115
5408,2025-05-10 19:45:00+00:00,53,122,29,30.6,13.2,2140,24.6,80,115
5408,2025-05-10 20:00:00+00:00,53,122,28.4,30.3,12.7,2440,24.4,81,115
5408,2025-05-10 21:15:00+00:00,57,137,-14.9,30.9,12.4,1520,23.9,83,125
5408,2025-05-10 21:30:00+00:00,57,137,150.5,31.7,13.3,980,23.8,83,174
5408,2025-05-10 21:45:00+00:00,57,137,25.5,32.1,13.4,1770,23.9,83,125
5408,2025-05-10 22:00:00+00:00,57,137,25.3,30.6,13.6,2000,23.9,83,125
5408,2025-05-10 22:15:00+00:00,65,138,24.3,29.7,13.7,2130,24,83,126
5408,2025-05-10 22:30:00+00:00,65,138,19.6,29.5,13.8,1890,24,83,126
5408,2025-05-10 22:45:00+00:00,65,138,20.4,30.4,14,2290,23.8,83,126
5408,2025-05-10 23:00:00+00:00,65,138,20,30.2,13.7,2370,24,83,126
5408,2025-05-10 23:15:00+00:00,67,128,16.1,30.6,13.9,1390,24,83,121
5408,2025-05-10 23:30:00+00:00,67,128,11.2,30.5,13.9,230,23.7,83,121
5408,2025-05-10 23:45:00+00:00,67,128,13.5,31,13.5,530,23.5,84,121
5408,2025-05-11 00:00:00+00:00,67,128,14.7,30.5,14,700,23.5,84,121
5408,2025-05-11 00:15:00+00:00,67,127,14.7,31.4,14.2,310,23.6,84,121
5408,2025-05-11 00:45:00+00:00,67,127,16.7,33.9,12.1,610,24.2,83,121
5408,2025-05-11 01:00:00+00:00,67,127,13.7,33.2,11.6,580,24.8,81,121
5408,2025-05-11 01:15:00+00:00,63,112,17.4,32.6,11.5,570,25.7,79,108
5408,2025-05-11 01:30:00+00:00,63,112,30.8,31.4,11.5,340,26.5,76,108
5408,2025-05-11 01:45:00+00:00,63,112,34.1,29.8,11.6,700,27.1,75,108
5408,2025-05-11 02:00:00+00:00,63,112,39.6,28.9,11.4,0,27.5,74,108
5408,2025-05-11 02:15:00+00:00,46,84,41,29.1,10.9,0,27.6,73,84
5408,2025-05-11 02:30:00+00:00,46,84,39,27.4,11.1,540,27.8,72,84
5408,2025-05-11 02:45:00+00:00,46,84,35.7,26.1,10.7,0,28.1,71,84
5408,2025-05-11 03:00:00+00:00,46,84,43.5,25.7,10.6,520,28.6,69,84
5408,2025-05-11 03:15:00+00:00,30,64,41.6,27,10.9,640,28.8,67,64
5408,2025-05-11 03:30:00+00:00,30,64,43.3,26.6,10.7,100,29,67,64
5408,2025-05-11 03:45:00+00:00,30,64,48,26.4,10.8,770,29.4,66,64
5408,2025-05-11 04:00:00+00:00,30,64,48.8,26,11.3,870,30.2,63,64
5408,2025-05-11 04:15:00+00:00,32,78,50.6,25.1,11.6,620,30.9,58,78
5408,2025-05-11 04:30:00+00:00,32,78,48.2,24.7,12.5,0,31.4,54,78
5408,2025-05-11 04:45:00+00:00,32,78,42.9,25.6,13.1,0,31.8,51,78
5408,2025-05-11 05:15:00+00:00,39,76,69,24.6,13.3,-2280,32.9,47,76
5408,2025-05-11 05:30:00+00:00,39,76,87.6,24.9,14.2,21.03,33,46,88
5408,2025-05-11 05:45:00+00:00,39,76,52.5,25.2,14.9,17.13,33.4,44,76
5408,2025-05-11 06:15:00+00:00,43,84,59.8,4.9,14.4,0,34.1,40,84
5408,2025-05-11 06:30:00+00:00,43,84,65.9,-10.5,13.3,0,34.3,39,84
5408,2025-05-11 06:45:00+00:00,43,84,61.9,29.9,13,0,34.5,38,84
5408,2025-05-11 07:00:00+00:00,43,84,62.5,22.3,11.7,0,34.4,38,84
5408,2025-05-11 07:15:00+00:00,36,75,57.6,23.9,-1.3,0,35,36,75
5408,2025-05-11 07:30:00+00:00,36,75,57.2,24.3,353.6,860,35.1,36,191
5408,2025-05-11 07:45:00+00:00,36,75,57.8,23.3,10.9,1650,35.1,36,81
5408,2025-05-11 08:00:00+00:00,36,75,59.2,23.5,11.1,1030,35.2,37,75
5408,2025-05-11 08:15:00+00:00,39,68,59.2,23.6,10.6,890,35.1,36,68
5408,2025-05-11 08:30:00+00:00,39,68,58.4,24.5,10.7,1010,35.8,35,68
5408,2025-05-11 08:45:00+00:00,39,68,57.2,25.2,10.1,530,36.8,33,68
5408,2025-05-11 09:00:00+00:00,39,68,59.8,24.8,9.4,1040,36.7,34,68
5408,2025-05-11 09:15:00+00:00,35,60,61.7,23.9,9.4,820,36.2,34,62
5408,2025-05-11 09:30:00+00:00,35,60,64.9,23.4,10.6,820,36.1,35,65
5408,2025-05-11 09:45:00+00:00,35,60,68.2,24,9.5,1010,35.9,35,68
5408,2025-05-11 10:00:00+00:00,35,60,71.5,24.5,8.8,1500,35.6,34,73
5408,2025-05-11 10:15:00+00:00,35,67,72.3,24.1,9.2,1360,35.8,34,72
5408,2025-05-11 10:30:00+00:00,35,67,72.1,25.2,10.3,1350,35.8,33,72
5408,2025-05-11 10:45:00+00:00,35,67,68.6,25.8,9.7,0,35.6,32,69
5408,2025-05-11 11:15:00+00:00,34,62,71.1,26.3,10.2,1830,35.4,33,91
5408,2025-05-11 11:30:00+00:00,34,62,71.3,25.8,10.6,790,35.1,33,71
5408,2025-05-11 11:45:00+00:00,34,62,62.9,25.9,9.6,180,33.9,44,63
5408,2025-05-11 12:00:00+00:00,34,62,55.5,26.3,7.5,0,32.4,50,62
5408,2025-05-11 12:15:00+00:00,42,89,55.5,27.6,6.6,0,31.6,52,89
5408,2025-05-11 12:30:00+00:00,42,89,54.3,26.1,10.4,1430,31,54,89
5408,2025-05-11 12:45:00+00:00,42,89,50.8,25.5,13.5,1120,30.6,55,89
5408,2025-05-11 13:00:00+00:00,42,89,48.2,27.4,14.6,890,30.2,55,89
5408,2025-05-11 13:15:00+00:00,54,107,45.5,29.2,14.7,690,29.8,56,105
5408,2025-05-11 13:30:00+00:00,54,107,44.5,29.8,14.8,480,29.4,58,105
5408,2025-05-11 13:45:00+00:00,54,107,48.8,29.5,14.6,2260,29.1,60,105
5408,2025-05-11 14:00:00+00:00,54,107,43.7,28.3,14.4,2120,28.8,59,105
5408,2025-05-11 14:15:00+00:00,47,103,39.4,28.2,14.4,1760,28.6,58,102
5408,2025-05-11 14:30:00+00:00,47,103,32.1,29,16,1590,28.2,59,102
5408,2025-05-11 14:45:00+00:00,47,103,32.5,29.7,16.6,2030,27.9,59,102
5408,2025-05-11 15:00:00+00:00,47,103,31,29.7,16.6,2000,27.6,60,102
5408,2025-05-11 15:15:00+00:00,74,135,31,30.3,17.4,1560,27.4,61,145
5408,2025-05-11 15:30:00+00:00,74,135,27.8,30.9,17.2,640,27.1,63,145
5408,2025-05-11 15:45:00+00:00,74,135,28.6,32,17.2,1100,26.8,67,145
5408,2025-05-11 16:00:00+00:00,74,135,34.1,31.4,17.1,1100,26.6,70,145
5408,2025-05-11 16:15:00+00:00,85,146,31.2,32.1,16.9,810,26.4,71,183
5408,2025-05-11 16:30:00+00:00,85,146,31,32,16.6,870,26.3,72,183
5408,2025-05-11 16:45:00+00:00,85,146,28.8,30.7,16.3,1130,26,73,183
5408,2025-05-11 17:00:00+00:00,85,146,26.5,28.7,16.5,970,25.9,74,183
5408,2025-05-11 17:15:00+00:00,75,137,25.1,29.2,16.1,1000,25.7,76,149
5408,2025-05-11 17:30:00+00:00,75,137,22.1,29.3,15.9,660,25.4,77,149
5408,2025-05-11 17:45:00+00:00,75,137,21.6,30.4,15.4,1060,25.2,78,149
5408,2025-05-11 18:00:00+00:00,75,137,20.8,32.2,15.5,1090,25.2,79,149
5408,2025-05-11 18:15:00+00:00,82,212,22.5,30.2,15.2,650,25.1,79,175
5408,2025-05-11 19:15:00+00:00,76,229,24.3,32.3,12.4,310,24.8,81,186
5408,2025-05-11 19:45:00+00:00,76,229,26.9,32.6,11.9,1010,24.7,82,186
5408,2025-05-11 20:00:00+00:00,76,229,30.2,31.5,12.1,1060,24.7,82,186
5408,2025-05-11 20:15:00+00:00,63,126,29.8,29.3,11.9,740,24.7,83,118
5408,2025-05-11 20:30:00+00:00,63,126,31.8,29.5,11.9,950,24.7,83,118
5408,2025-05-11 20:45:00+00:00,63,126,33.5,28.8,11.9,980,24.6,83,118
5408,2025-05-11 21:00:00+00:00,63,126,26.5,28.6,12,870,24.5,83,118
5408,2025-05-11 21:15:00+00:00,54,109,-56.4,28,11.8,460,24.4,83,106
5408,2025-05-11 21:30:00+00:00,54,109,139.4,28,10.7,0,24.4,84,158
5408,2025-05-11 21:45:00+00:00,54,109,14.5,30.2,10,290,24.3,84,106
5408,2025-05-11 22:15:00+00:00,57,138,17.2,31.9,9.9,0,24.1,85,126
5408,2025-05-11 22:30:00+00:00,57,138,18.4,30.9,10.3,0,24.2,85,126
5408,2025-05-11 22:45:00+00:00,57,138,21,32.3,10.2,0,24.3,84,126
5408,2025-05-11 23:00:00+00:00,57,138,25.5,31.6,10.5,0,24.4,84,126
5408,2025-05-11 23:15:00+00:00,60,113,30.8,31.4,10.5,490,24.4,84,109
5408,2025-05-11 23:30:00+00:00,60,113,31.4,31.1,10.5,1530,24.4,84,109
5408,2025-05-11 23:45:00+00:00,60,113,34.9,30.4,10.6,1740,24.4,84,109
5408,2025-05-12 00:00:00+00:00,60,113,32.9,29.8,11,1610,24.3,84,109
5408,2025-05-12 00:15:00+00:00,56,101,30.6,29.2,10.8,1640,24.2,85,101
5408,2025-05-12 00:30:00+00:00,56,101,31.9,28,10.5,1740,24.3,85,101
5408,2025-05-12 00:45:00+00:00,56,101,30.8,28.3,10.9,1730,24.6,84,101
5408,2025-05-12 01:00:00+00:00,56,101,29.2,29.1,10.7,1830,24.9,83,101
5408,2025-05-12 01:15:00+00:00,48,100,33.3,28.5,10,1720,25.5,82,100
5408,2025-05-12 01:30:00+00:00,48,100,34.1,28.7,10.4,1940,26.1,80,100
5408,2025-05-12 01:45:00+00:00,48,100,36.8,28.1,10.8,1870,26.8,78,100
5408,2025-05-12 02:00:00+00:00,48,100,39.2,27.8,11.3,1890,27.7,74,100
5408,2025-05-12 02:15:00+00:00,52,100,41.7,26.5,11.8,1900,28.1,72,100
5408,2025-05-12 02:30:00+00:00,52,100,44.9,26.3,11.7,1870,28.2,70,100
5408,2025-05-12 02:45:00+00:00,52,100,46.6,26.9,11.5,2140,28.7,69,102
5408,2025-05-12 03:00:00+00:00,52,100,49.6,26.4,12.1,2150,29.2,66,102
5408,2025-05-12 03:15:00+00:00,48,98,50.8,26.9,12.5,1730,29.8,64,98
5408,2025-05-12 03:30:00+00:00,48,98,52.3,27.3,12.8,1010,30.1,62,98
5408,2025-05-12 03:45:00+00:00,48,98,55.5,27.1,13,1160,30.5,59,98
5408,2025-05-12 04:00:00+00:00,48,98,56.8,26.1,12.7,1360,31.5,55,98
5408,2025-05-12 04:15:00+00:00,57,98,58.4,26.5,12.1,1030,32.2,52,98
5408,2025-05-12 04:45:00+00:00,57,98,65.7,27.5,14.1,1490,32.8,49,98
5408,2025-05-12 05:00:00+00:00,57,98,68,27,14.2,1420,33.8,47,98
5408,2025-05-12 05:15:00+00:00,58,112,72.3,27.6,14.5,690,34.6,45,108
5408,2025-05-12 05:30:00+00:00,58,112,71.7,27.7,14.9,24.67,34.3,44,108
5408,2025-05-12 05:45:00+00:00,58,112,74.1,27.9,15.1,20.61,33.9,48,108
5408,2025-05-12 06:00:00+00:00,58,112,71.9,27.7,14.2,1740,34.5,46,108
5408,2025-05-12 06:15:00+00:00,63,124,76,3.9,13.7,1590,35,44,116
5408,2025-05-12 06:30:00+00:00,63,124,76,5.5,12.9,1340,35.3,44,116
5408,2025-05-12 06:45:00+00:00,63,124,77.2,29.6,12.1,1490,35.4,42,116
5408,2025-05-12 07:00:00+00:00,63,124,72.3,23.6,10.8,2000,35.7,42,116
5408,2025-05-12 07:15:00+00:00,57,115,70.8,24.3,-1.3,1680,36.1,40,110
5408,2025-05-12 07:30:00+00:00,57,115,71.9,25.4,353.2,540,35.9,40,191
5408,2025-05-12 07:45:00+00:00,57,115,66.6,25.5,8.4,380,36.6,38,110
5408,2025-05-12 08:00:00+00:00,57,115,66.8,26.1,8.8,620,37,35,110
5408,2025-05-12 08:15:00+00:00,47,91,65.1,25.9,9.1,570,37.2,34,91
5408,2025-05-12 08:45:00+00:00,47,91,65.3,28.2,11.2,780,37.5,32,91
5408,2025-05-12 09:15:00+00:00,43,90,63.1,27.5,10.8,350,37.4,30,90
5408,2025-05-12 09:30:00+00:00,43,90,56.4,28.6,12.8,620,37.9,29,90
5408,2025-05-12 09:45:00+00:00,43,90,55.7,31.1,33.7,790,37.7,31,90
5408,2025-05-12 10:00:00+00:00,43,90,55.9,35.4,49.3,580,37,33,90
5408,2025-05-12 10:15:00+00:00,68,209,64.9,39,37.9,740,37.1,32,173
5408,2025-05-12 10:30:00+00:00,68,209,68,40.6,39.9,850,37.1,32,173
5408,2025-05-12 10:45:00+00:00,68,209,75.1,39.9,30.3,850,36.8,31,173
5408,2025-05-12 11:15:00+00:00,65,155,77.8,36.2,17,770,36.5,29,137
5408,2025-05-12 11:30:00+00:00,65,155,80.6,33.8,16.3,1240,36.2,30,137
5408,2025-05-12 11:45:00+00:00,65,155,103.5,32,16.5,1370,35.2,38,137
5408,2025-05-12 12:00:00+00:00,65,155,64.3,30.5,12.6,1290,32.8,49,137
5408,2025-05-12 12:30:00+00:00,62,130,53.5,29.5,11.4,1480,31.6,54,120
5408,2025-05-12 13:00:00+00:00,62,130,48.8,30.5,10.9,1130,31.1,58,120
5408,2025-05-12 13:15:00+00:00,71,136,46.3,30.9,11.3,1400,30.8,58,135
5408,2025-05-12 13:45:00+00:00,71,136,43.9,31.5,12.3,1610,30.6,59,135
5408,2025-05-12 14:00:00+00:00,71,136,43.1,31.7,13.2,1570,30.4,59,135
5408,2025-05-12 14:15:00+00:00,73,125,40.6,31,13.1,1590,30.1,60,142
5408,2025-05-12 15:00:00+00:00,73,125,37.4,32.8,13.3,1940,29.3,63,142
5408,2025-05-12 15:15:00+00:00,75,130,39.6,32.7,13.3,1080,29,64,149
5408,2025-05-12 15:30:00+00:00,75,130,42.5,31.5,12.9,0,28.7,64,149
5408,2025-05-12 16:00:00+00:00,75,130,41.9,29.8,11.4,0,28.4,66,149
5408,2025-05-12 16:15:00+00:00,71,116,51.4,28.7,11.8,0,28.3,66,135
5408,2025-05-12 16:30:00+00:00,71,116,53.1,28,11.4,0,28.1,67,135
5408,2025-05-12 16:45:00+00:00,71,116,48.8,28.6,11.3,0,27.7,69,135
5408,2025-05-12 17:00:00+00:00,71,116,47.2,30.2,10.5,0,27.3,71,135
5408,2025-05-12 17:15:00+00:00,70,128,50,29.1,10.5,0,27,73,132
5408,2025-05-12 17:30:00+00:00,70,128,48,28.4,11.5,0,26.9,74,132
5408,2025-05-12 17:45:00+00:00,70,128,44.1,28.4,11.2,0,26.8,75,132
5408,2025-05-12 18:15:00+00:00,76,151,42.7,27.4,10.8,0,26.6,75,152
5408,2025-05-12 19:15:00+00:00,82,165,37,30,11.8,140,26.2,78,173
5408,2025-05-12 19:45:00+00:00,82,165,38.6,29.9,11.5,1440,26.1,78,173
5408,2025-05-12 20:00:00+00:00,82,165,36.1,29.7,11.7,1390,26.1,78,173
5408,2025-05-12 20:15:00+00:00,89,162,38.6,29.8,11.9,1230,25.9,79,197
5408,2025-05-12 20:45:00+00:00,89,162,32.5,30.1,11.5,1250,25.9,80,197
5408,2025-05-12 21:00:00+00:00,89,162,30,31.2,11.5,1250,25.9,79,197
5408,2025-05-12 21:15:00+00:00,89,151,-22.3,31.7,11.4,880,25.9,80,197
5408,2025-05-12 21:30:00+00:00,89,151,136.2,31.3,11.3,920,25.9,80,197
5408,2025-05-12 22:00:00+00:00,89,151,28,30.9,10.7,1210,25.7,80,197
5408,2025-05-12 22:15:00+00:00,79,138,30.4,27.4,10.9,1060,25.6,80,162
5408,2025-05-12 22:30:00+00:00,79,138,26.9,28.5,11.1,1270,25.6,80,162
5408,2025-05-12 22:45:00+00:00,79,138,26.7,29,11.1,1190,25.6,80,162
5408,2025-05-12 23:00:00+00:00,79,138,25.7,29.6,11.1,1290,25.5,81,162
5408,2025-05-12 23:15:00+00:00,74,140,29,30,10.9,1570,25.3,81,145
5408,2025-05-12 23:30:00+00:00,74,140,24.3,30.2,11,1680,25.1,82,145
5408,2025-05-12 23:45:00+00:00,74,140,23.3,30.3,10.8,1940,25.2,82,145
5408,2025-05-13 00:00:00+00:00,74,140,16.7,32.8,10.6,1840,25.1,82,145
5408,2025-05-13 00:15:00+00:00,71,142,16.5,36.2,10.5,960,24.9,82,135
5408,2025-05-13 00:30:00+00:00,71,142,20.6,36.2,10.5,2060,24.9,82,135
5408,2025-05-13 00:45:00+00:00,71,142,21.8,36.2,10.5,2590,24.9,82,135
5408,2025-05-13 01:00:00+00:00,71,142,21.8,36.2,10.5,2580,24.9,82,135
5408,2025-05-13 01:15:00+00:00,68,130,21.8,36.2,10.5,2600,24.9,82,125
5408,2025-05-13 01:45:00+00:00,68,130,21.8,36.2,10.5,2740,24.9,82,125
5408,2025-05-13 02:15:00+00:00,48,87,21.8,36.2,10.5,2380,24.9,82,105
5408,2025-05-13 02:30:00+00:00,48,87,21.8,36.2,10.5,2200,24.9,82,102
5408,2025-05-13 02:45:00+00:00,48,87,21.8,36.2,10.5,3190,24.9,82,115
5408,2025-05-13 03:00:00+00:00,48,87,21.8,36.2,10.5,3450,24.9,82,118
5408,2025-05-13 03:15:00+00:00,51,90,21.8,36.2,10.5,1600,24.9,82,90
5408,2025-05-13 03:30:00+00:00,51,90,21.8,36.2,10.5,1600,24.9,82,90
5408,2025-05-13 03:45:00+00:00,51,90,21.8,36.2,10.5,1600,24.9,82,90
5408,2025-05-13 04:15:00+00:00,40,82,21.8,36.2,10.5,1600,24.9,82,82
5408,2025-05-13 04:30:00+00:00,40,82,21.8,36.2,10.5,1600,24.9,82,82
5408,2025-05-13 04:45:00+00:00,40,82,21.8,36.2,10.5,1600,24.9,82,82
5408,2025-05-13 05:45:00+00:00,43,82,21.8,36.2,10.5,1600,24.9,82,82
